id,name,type_id,parent_id,jurisdiction_id,start_date,end_date,created_at,updated_at
1,"Aberconwy",8,1722,84,"2023-03-29","2023-03-29","2023-05-19T11:18:20Z","2024-05-29T00:02:52Z"
3,"Alnwick",8,1748,84,"2023-03-29","2023-03-29","2023-05-19T11:18:20Z","2024-05-29T00:02:52Z"
5,"Appleby",8,1703,84,"2023-03-29","2023-03-29","2023-05-19T11:18:20Z","2024-05-29T00:02:52Z"
6,"Arfon",8,1722,84,"2023-03-29","2023-03-29","2023-05-19T11:18:20Z","2024-05-29T00:02:52Z"
7,"Arundel",8,1790,84,"2023-03-29","2023-03-29","2023-05-19T11:18:20Z","2024-05-29T00:02:52Z"
8,"Ashby de la Zouch & Market Bosworth Sub Committee",12,1549,84,"2023-03-29","2023-03-29","2023-05-19T11:18:20Z","2024-05-29T00:02:52Z"
9,"Ashby-de-la-Zouch and Market Bosworth",8,1732,84,"2023-03-29","2023-03-29","2023-05-19T11:18:20Z","2024-05-29T00:02:52Z"
10,"Atherstone and Coleshill",8,1751,84,"2023-03-29","2023-03-29","2023-05-19T11:18:20Z","2024-05-29T00:02:52Z"
11,"Avon Committee",13,1463,84,"2023-03-29","2023-03-29","2023-05-19T11:18:20Z","2024-05-29T00:02:52Z"
12,"Avon and Somerset Committee",13,1814,84,"2023-03-29","2023-03-29","2023-05-19T11:18:20Z","2024-05-29T00:02:52Z"
13,"Axminster and Honiton",8,1708,84,"2023-03-29","2023-03-29","2023-05-19T11:18:20Z","2024-05-29T00:02:53Z"
14,"Bainton",8,1562,84,"2023-03-29","2023-03-29","2023-05-19T11:18:20Z","2024-05-29T00:02:53Z"
16,"Barking Dagenham and Havering Sub Committee",12,1537,84,"2023-03-29","2023-03-29","2023-05-19T11:18:20Z","2024-05-29T00:02:53Z"
17,"Barnsley Committee",13,1559,84,"2023-03-29","2023-03-29","2023-05-19T11:18:20Z","2024-05-29T00:02:53Z"
18,"Barnsley LJA",8,1836,84,"2023-03-29","2023-03-29","2023-05-19T11:18:20Z","2024-05-29T00:02:53Z"
19,"Bath and Wansdyke",8,1835,84,"2023-03-29","2023-03-29","2023-05-19T11:18:20Z","2024-05-29T00:02:53Z"
20,"Bath and Wansdyke Sub Committee",12,1463,84,"2023-03-29","2023-03-29","2023-05-19T11:18:20Z","2024-05-29T00:02:53Z"
21,"Batley and Dewsbury Committee",13,1734,84,"2023-03-29","2023-03-29","2023-05-19T11:18:20Z","2024-05-29T00:02:53Z"
22,"Batley and Dewsbury",8,1968,84,"2023-03-29","2023-03-29","2023-05-19T11:18:20Z","2024-05-29T00:02:53Z"
23,"Bedford and Mid Bedfordshire Sub Committee",12,1689,84,"2023-03-29","2023-03-29","2023-05-19T11:18:20Z","2024-05-29T00:02:53Z"
24,"Bedfordshire Committee",13,1689,84,"2023-03-29","2023-03-29","2023-05-19T11:18:20Z","2024-05-29T00:02:53Z"
25,"Bedfordshire LJA",8,1791,84,"2023-03-29","2023-03-29","2023-05-19T11:18:20Z","2024-05-29T00:02:53Z"
26,"Berkshire Committee",13,1846,84,"2023-03-29","2023-03-29","2023-05-19T11:18:20Z","2024-05-29T00:02:53Z"
27,"Berkshire LJA",8,2006,84,"2023-03-29","2023-03-29","2023-05-19T11:18:20Z","2024-05-29T00:02:53Z"
28,"Berkshire Sub Committee",12,1904,84,"2023-03-29","2023-03-29","2023-05-19T11:18:20Z","2024-05-29T00:02:53Z"
29,"Berwick-Upon-Tweed LJA",8,1748,84,"2023-03-29","2023-03-29","2023-05-19T11:18:20Z","2024-05-29T00:02:53Z"
30,"Beverley",8,1562,84,"2023-03-29","2023-03-29","2023-05-19T11:18:20Z","2024-05-29T00:02:53Z"
31,"Bexley L317",8,1591,84,"2023-03-29","2023-03-29","2023-05-19T11:18:20Z","2024-07-13T00:02:35Z"
33,"Bicester",8,1752,84,"2023-03-29","2023-03-29","2023-05-19T11:18:20Z","2024-05-29T00:02:53Z"
36,"Birmingham and Solihull Committee",13,1661,84,"2023-03-29","2023-03-29","2023-05-19T11:18:20Z","2024-05-29T00:02:53Z"
37,"Birmingham and Solihull LJA",8,1691,84,"2023-03-29","2023-03-29","2023-05-19T11:18:20Z","2024-05-29T00:02:53Z"
38,"Black Country Committee",13,1660,84,"2023-03-29","2023-03-29","2023-05-19T11:18:20Z","2024-05-29T00:02:53Z"
39,"Black Country LJA",8,1692,84,"2023-03-29","2023-03-29","2023-05-19T11:18:20Z","2024-05-29T00:02:53Z"
40,"Bodmin",8,1701,84,"2023-03-29","2023-03-29","2023-05-19T11:18:20Z","2024-05-29T00:02:53Z"
41,"Bolton Committee",13,1590,84,"2023-03-29","2023-03-29","2023-05-19T11:18:20Z","2024-05-29T00:02:53Z"
42,"Bolton LJA",8,1996,84,"2023-03-29","2023-03-29","2023-05-19T11:18:20Z","2024-05-29T00:02:53Z"
43,"Bournemouth and Christchurch Committee",13,1634,84,"2023-03-29","2023-03-29","2023-05-19T11:18:20Z","2024-05-29T00:02:53Z"
44,"Bradford Committee",13,1800,84,"2023-03-29","2023-03-29","2023-05-19T11:18:20Z","2024-05-29T00:02:53Z"
45,"Bradford and Keighley Sub Committee",12,1459,84,"2023-03-29","2023-03-29","2023-05-19T11:18:20Z","2024-05-29T00:02:53Z"
46,"Bradford and Keighley",8,1535,84,"2023-03-29","2023-03-29","2023-05-19T11:18:20Z","2024-05-29T00:02:53Z"
48,"Brecknock and Radnorshire LJA",8,1859,84,"2023-03-29","2023-03-29","2023-05-19T11:18:20Z","2024-05-29T00:02:53Z"
49,"Brent",8,1592,84,"2023-03-29","2023-03-29","2023-05-19T11:18:20Z","2024-07-13T00:02:36Z"
50,"Brentwood",8,1715,84,"2023-03-29","2023-03-29","2023-05-19T11:18:20Z","2024-05-29T00:02:53Z"
52,"Bridgnorth old",8,1756,84,"2023-03-29","2023-03-29","2023-05-19T11:18:20Z","2024-05-29T00:02:53Z"
53,"Bridlington",8,1562,84,"2023-03-29","2023-03-29","2023-05-19T11:18:20Z","2024-05-29T00:02:53Z"
54,"Bristol Committee",13,1462,84,"2023-03-29","2023-03-29","2023-05-19T11:18:20Z","2024-05-29T00:02:53Z"
55,"Bristol LJA",8,1835,84,"2023-03-29","2023-03-29","2023-05-19T11:18:20Z","2024-05-29T00:02:53Z"
56,"Bromley L318",8,1591,84,"2023-03-29","2023-03-29","2023-05-19T11:18:20Z","2024-05-29T00:02:53Z"
58,"Bromsgrove and Redditch Sub Committee",12,1743,84,"2023-03-29","2023-03-29","2023-05-19T11:18:20Z","2024-05-29T00:02:53Z"
59,"Bromsgrove and Redditch",8,1844,84,"2023-03-29","2023-03-29","2023-05-19T11:18:20Z","2024-05-29T00:02:53Z"
60,"Buckinghamshire Committee",13,1757,84,"2023-03-29","2023-03-29","2023-05-19T11:18:20Z","2024-05-29T00:02:53Z"
61,"Buckinghamshire LJA",8,2006,84,"2023-03-29","2023-03-29","2023-05-19T11:18:20Z","2024-07-13T00:02:36Z"
62,"Buckinghamshire and Oxfordshire Committee",13,1873,84,"2023-03-29","2023-03-29","2023-05-19T11:18:20Z","2024-05-29T00:02:53Z"
63,"Buckinghamshire Sub-Committee",12,1904,84,"2023-03-29","2023-03-29","2023-05-19T11:18:20Z","2024-05-29T00:02:53Z"
64,"Burnley, Pendle and Rossendale LJA",8,1730,84,"2023-03-29","2023-03-29","2023-05-19T11:18:20Z","2024-05-29T00:02:53Z"
65,"Burton-Upon-Trent",8,1842,84,"2023-03-29","2023-03-29","2023-05-19T11:18:20Z","2024-05-29T00:02:53Z"
66,"Bury Committee",13,1720,84,"2023-03-29","2023-03-29","2023-05-19T11:18:20Z","2024-05-29T00:02:53Z"
67,"Bury and Rochdale LJA",8,1996,84,"2023-03-29","2023-03-29","2023-05-19T11:18:20Z","2024-05-29T00:02:53Z"
68,"Calderdale Committee",13,1826,84,"2023-03-29","2023-03-29","2023-05-19T11:18:20Z","2024-05-29T00:02:53Z"
69,"Calderdale LJA",8,1741,84,"2023-03-29","2023-03-29","2023-05-19T11:18:20Z","2024-07-13T00:02:36Z"
70,"Calderdale and Kirkless Sub Committee",12,1544,84,"2023-03-29","2023-03-29","2023-05-19T11:18:20Z","2024-05-29T00:02:53Z"
71,"Cambridge",8,1693,84,"2023-03-29","2023-03-29","2023-05-19T11:18:20Z","2024-05-29T00:02:53Z"
72,"Cambridgeshire Committee",13,1658,84,"2023-03-29","2023-03-29","2023-05-19T11:18:20Z","2024-05-29T00:02:53Z"
73,"Cannock and Seisdon",8,1842,84,"2023-03-29","2023-03-29","2023-05-19T11:18:20Z","2024-05-29T00:02:53Z"
74,"Cardiff Sub Committee",12,1540,84,"2023-03-29","2023-03-29","2023-05-19T11:18:20Z","2024-05-29T00:02:53Z"
75,"Cardiff and the Vale of Glamorgan LJA",8,1738,84,"2023-03-29","2023-03-29","2023-05-19T11:18:20Z","2024-05-29T00:02:53Z"
76,"Carmarthenshire Committee",13,1473,84,"2023-03-29","2023-03-29","2023-05-19T11:18:20Z","2024-05-29T00:02:53Z"
77,"Carmarthenshire LJA",8,1859,84,"2023-03-29","2023-03-29","2023-05-19T11:18:20Z","2024-05-29T00:02:53Z"
78,"Central Sub Committee",12,1520,84,"2023-03-29","2023-03-29","2023-05-19T11:18:20Z","2024-05-29T00:02:53Z"
79,"Central and South London Sub Committee",12,1657,84,"2023-03-29","2023-03-29","2023-05-19T11:18:20Z","2024-05-29T00:02:53Z"
80,"Central and South Norfolk Sub Committee",12,1538,84,"2023-03-29","2023-03-29","2023-05-19T11:18:20Z","2024-05-29T00:02:53Z"
81,"Central and South West Lancashire Sub Committee",12,1554,84,"2023-03-29","2023-03-29","2023-05-19T11:18:20Z","2024-05-29T00:02:53Z"
82,"Central and South London Committee",13,1657,84,"2023-03-29","2023-03-29","2023-05-19T11:18:20Z","2024-05-29T00:02:53Z"
83,"Central Buckinghamshire",8,1659,84,"2023-03-29","2023-03-29","2023-05-19T11:18:20Z","2024-05-29T00:02:53Z"
84,"Central Devon Sub Committee",12,1637,84,"2023-03-29","2023-03-29","2023-05-19T11:18:20Z","2024-05-29T00:02:53Z"
85,"Central Dorset",8,1789,84,"2023-03-29","2023-03-29","2023-05-19T11:18:20Z","2024-05-29T00:02:53Z"
86,"Central Hertfordshire",8,1726,84,"2023-03-29","2023-03-29","2023-05-19T11:18:20Z","2024-05-29T00:02:53Z"
88,"Central Kent LJA",8,1729,84,"2023-03-29","2023-03-29","2023-05-19T11:18:20Z","2024-05-29T00:02:53Z"
90,"Central London LJA",8,1694,84,"2023-03-29","2023-03-29","2023-10-31T00:02:12Z","2024-05-29T00:02:53Z"
91,"Central London Sub Committee",12,1657,84,"2023-03-29","2023-03-29","2023-05-19T11:18:20Z","2024-05-29T00:02:53Z"
92,"Central London Youth Court",8,1866,84,"2023-03-29","2023-03-29","2023-05-19T11:18:20Z","2024-05-29T00:02:53Z"
93,"Central/South West Staffordshire LJA",8,1842,84,"2023-03-29","2023-03-29","2023-05-19T11:18:20Z","2025-06-11T00:00:11Z"
94,"Central/South Western Staffordshire Sub Committee",12,1797,84,"2023-03-29","2023-03-29","2023-05-19T11:18:20Z","2024-05-29T00:02:53Z"
95,"Ceredigion and Pembrokeshire LJA",8,1859,84,"2023-03-29","2023-03-29","2023-05-19T11:18:20Z","2024-05-29T00:02:53Z"
96,"Cheshire Committee",13,1653,84,"2023-03-29","2023-03-29","2023-05-19T11:18:20Z","2024-05-29T00:02:53Z"
97,"Chester",8,1697,84,"2023-03-29","2023-03-29","2023-05-19T11:18:20Z","2024-05-29T00:02:53Z"
98,"Chester-le-Street",8,1712,84,"2023-03-29","2023-03-29","2023-05-19T11:18:20Z","2024-05-29T00:02:53Z"
99,"Chichester and District",8,1790,84,"2023-03-29","2023-03-29","2023-05-19T11:18:20Z","2024-05-29T00:02:53Z"
100,"Chorley LJA",8,1730,84,"2023-03-29","2023-03-29","2023-05-19T11:18:20Z","2024-05-29T00:02:53Z"
102,"Cities of Westminster and London Committee",13,1848,84,"2023-03-29","2023-03-29","2023-05-19T11:18:20Z","2024-05-29T00:02:53Z"
104,"City of London",8,1866,84,"2023-03-29","2023-03-29","2023-05-19T11:18:20Z","2024-05-29T00:02:53Z"
105,"City of London Sub Committee",12,1656,84,"2023-03-29","2023-03-29","2023-05-19T11:18:20Z","2024-05-29T00:02:53Z"
106,"City of Salford",8,1956,84,"2023-03-29","2023-03-29","2023-05-19T11:18:20Z","2024-05-29T00:02:53Z"
107,"City of Sunderland LJA",8,1748,84,"2023-03-29","2023-03-29","2023-05-19T11:18:20Z","2024-05-29T00:02:53Z"
109,"City of Westminster LJA",8,1866,84,"2023-03-29","2023-03-29","2023-05-19T11:18:20Z","2024-05-29T00:02:53Z"
110,"City of Westminster Sub Committee",12,1545,84,"2023-03-29","2023-03-29","2023-05-19T11:18:20Z","2024-05-29T00:02:53Z"
111,"Cleveland Committee",13,1698,84,"2023-03-29","2023-03-29","2023-05-19T11:18:20Z","2024-05-29T00:02:53Z"
112,"Clwyd Committee",13,1648,84,"2023-03-29","2023-03-29","2023-05-19T11:18:20Z","2024-05-29T00:02:53Z"
113,"Clwyd Sub Committee",12,1528,84,"2023-03-29","2023-03-29","2023-05-19T11:18:20Z","2024-05-29T00:02:53Z"
114,"Conwy LJA",8,1744,84,"2023-03-29","2023-03-29","2023-05-19T11:18:20Z","2024-05-29T00:02:53Z"
115,"Corby LJA",8,1747,84,"2023-03-29","2023-03-29","2023-05-19T11:18:20Z","2024-05-29T00:02:53Z"
116,"Cornwall LJA",8,1710,84,"2023-03-29","2023-03-29","2023-05-19T11:18:20Z","2024-05-29T00:02:53Z"
117,"Cornwall Sub Committee",12,1635,84,"2023-03-29","2023-03-29","2023-05-19T11:18:20Z","2024-05-29T00:02:53Z"
118,"County Durham and Darlington",8,1712,84,"2023-03-29","2023-03-29","2023-05-19T11:18:20Z","2024-05-29T00:02:53Z"
119,"County of Wiltshire LJA",8,1728,84,"2023-03-29","2023-03-29","2023-05-19T11:18:20Z","2024-05-29T00:02:53Z"
120,"Coventry Committee",13,1645,84,"2023-03-29","2023-03-29","2023-05-19T11:18:20Z","2024-05-29T00:02:53Z"
121,"Coventry and Warwickshire Committee",13,1644,84,"2023-03-29","2023-03-29","2023-05-19T11:18:20Z","2024-05-29T00:02:53Z"
122,"Coventry and Warwickshire LJA",8,1702,84,"2023-03-29","2023-03-29","2023-05-19T11:18:20Z","2024-05-29T00:02:53Z"
125,"Cumbria Committee",13,1643,84,"2023-03-29","2023-03-29","2023-05-19T11:18:20Z","2024-05-29T00:02:53Z"
126,"Cynon Valley and Merthyr Tydfil Sub Committee",12,1540,84,"2023-03-29","2023-03-29","2023-05-19T11:18:20Z","2024-05-29T00:02:53Z"
127,"Dacorum",8,1726,84,"2023-03-29","2023-03-29","2023-05-19T11:18:20Z","2024-05-29T00:02:53Z"
128,"Dacorum Sub Committee",12,1565,84,"2023-03-29","2023-03-29","2023-05-19T11:18:20Z","2024-05-29T00:02:53Z"
129,"Dartford and Gravesham",8,1729,84,"2023-03-29","2023-03-29","2023-05-19T11:18:20Z","2024-05-29T00:02:53Z"
130,"Daventry",8,1747,84,"2023-03-29","2023-03-29","2023-05-19T11:18:20Z","2024-05-29T00:02:53Z"
131,"De Brycheiniog",8,1859,84,"2023-03-29","2023-03-29","2023-05-19T11:18:20Z","2024-05-29T00:02:53Z"
133,"Deben",8,1664,84,"2023-03-29","2023-03-29","2023-05-19T11:18:20Z","2024-05-29T00:02:53Z"
134,"Denbighshire LJA",8,1744,84,"2023-03-29","2023-03-29","2023-05-19T11:18:20Z","2024-05-29T00:02:53Z"
135,"Derbyshire Committee",13,1642,84,"2023-03-29","2023-03-29","2023-05-19T11:18:20Z","2024-05-29T00:02:53Z"
136,"Derwentside",8,1712,84,"2023-03-29","2023-03-29","2023-05-19T11:18:20Z","2024-05-29T00:02:53Z"
137,"Devon Committee",13,1637,84,"2023-03-29","2023-03-29","2023-05-19T11:18:20Z","2024-05-29T00:02:53Z"
138,"Devon and Cornwall Committee",13,1635,84,"2023-03-29","2023-03-29","2023-05-19T11:18:20Z","2024-05-29T00:02:53Z"
139,"Dinefwr",8,1859,84,"2023-03-29","2023-03-29","2023-05-19T11:18:20Z","2024-05-29T00:02:53Z"
140,"Doncaster Committee",13,1761,84,"2023-03-29","2023-03-29","2023-05-19T11:18:20Z","2024-05-29T00:02:53Z"
141,"Doncaster LJA",8,1836,84,"2023-03-29","2023-03-29","2023-05-19T11:18:20Z","2024-05-29T00:02:53Z"
142,"Dorset Committee",13,1711,84,"2023-03-29","2023-03-29","2023-05-19T11:18:20Z","2024-05-29T00:02:53Z"
144,"Drayton old",8,1756,84,"2023-03-29","2023-03-29","2023-05-19T11:18:20Z","2024-05-29T00:02:53Z"
145,"Dudley and Halesowen",8,1692,84,"2023-03-29","2023-03-29","2023-05-19T11:18:20Z","2024-05-29T00:02:53Z"
146,"Dunheved and Stratton",8,1701,84,"2023-03-29","2023-03-29","2023-05-19T11:18:20Z","2024-05-29T00:02:53Z"
148,"Dunstable",8,1791,84,"2023-03-29","2023-03-29","2023-05-19T11:18:20Z","2024-05-29T00:02:53Z"
149,"Durham Committee",13,1633,84,"2023-03-29","2023-03-29","2023-05-19T11:18:20Z","2024-05-29T00:02:53Z"
150,"Durham",8,1712,84,"2023-03-29","2023-03-29","2023-05-19T11:18:20Z","2024-05-29T00:02:53Z"
152,"Dwyfor L378",8,1700,84,"2023-03-29","2023-03-29","2023-05-19T11:18:20Z","2024-05-29T00:02:53Z"
153,"Dyfed Sub Committee",12,1793,84,"2023-03-29","2023-03-29","2023-05-19T11:18:20Z","2024-05-29T00:02:53Z"
154,"Dyfed Powys Committee",13,1793,84,"2023-03-29","2023-03-29","2023-05-19T11:18:20Z","2024-05-29T00:02:53Z"
155,"Dyffryn Clwyd",8,1700,84,"2023-03-29","2023-03-29","2023-05-19T11:18:20Z","2024-05-29T00:02:53Z"
156,"East Berkshire",8,1940,84,"2023-03-29","2023-03-29","2023-05-19T11:18:20Z","2024-05-29T00:02:53Z"
157,"East Berkshire Sub Committee",12,1846,84,"2023-03-29","2023-03-29","2023-05-19T11:18:20Z","2024-05-29T00:02:53Z"
158,"East Central",8,1768,84,"2023-03-29","2023-03-29","2023-05-19T11:18:20Z","2024-05-29T00:02:53Z"
161,"East Dorset LJA",8,1789,84,"2023-03-29","2023-03-29","2023-05-19T11:18:20Z","2024-05-29T00:02:53Z"
162,"East Gwent",8,1721,84,"2023-03-29","2023-03-29","2023-05-19T11:18:20Z","2024-05-29T00:02:53Z"
163,"East Hertfordshire",8,1726,84,"2023-03-29","2023-03-29","2023-05-19T11:18:20Z","2024-05-29T00:02:53Z"
166,"East Kent LJA",8,1729,84,"2023-03-29","2023-03-29","2023-05-19T11:18:20Z","2024-05-29T00:02:53Z"
168,"East Lancashire LJA",8,1730,84,"2023-03-29","2023-03-29","2023-05-19T11:18:20Z","2024-05-29T00:02:53Z"
169,"East Lancashire Sub Committee",12,1554,84,"2023-03-29","2023-03-29","2023-05-19T11:18:20Z","2024-05-29T00:02:53Z"
170,"East Lincolnshire LJA",8,1735,84,"2023-03-29","2023-03-29","2023-05-19T11:18:20Z","2024-05-29T00:02:53Z"
171,"East London LJA",8,1740,84,"2023-03-29","2023-03-29","2023-05-19T11:18:20Z","2024-05-29T00:02:53Z"
172,"East Penwith",8,1701,84,"2023-03-29","2023-03-29","2023-05-19T11:18:20Z","2024-05-29T00:02:53Z"
173,"East Powder",8,1701,84,"2023-03-29","2023-03-29","2023-05-19T11:18:20Z","2024-05-29T00:02:53Z"
174,"East Retford",8,1749,84,"2023-03-29","2023-03-29","2023-05-19T11:18:20Z","2024-05-29T00:02:53Z"
175,"East Riding Sub Committee",12,1563,84,"2023-03-29","2023-03-29","2023-05-19T11:18:20Z","2024-05-29T00:02:53Z"
176,"East Sussex Committee",13,1567,84,"2023-03-29","2023-03-29","2023-05-19T11:18:20Z","2024-05-29T00:02:53Z"
177,"East Sussex Central Sub Committee",12,1760,84,"2023-03-29","2023-03-29","2023-05-19T11:18:20Z","2024-05-29T00:02:53Z"
178,"East Sussex Eastern Sub Committee",12,1625,84,"2023-03-29","2023-03-29","2023-05-19T11:18:20Z","2024-05-29T00:02:53Z"
179,"East Yorkshire LJA",8,1727,84,"2023-03-29","2023-03-29","2023-05-19T11:18:20Z","2024-05-29T00:02:53Z"
180,"Eastbourne and Hailsham",8,1714,84,"2023-03-29","2023-03-29","2023-05-19T11:18:20Z","2024-05-29T00:02:53Z"
181,"Eden",8,1703,84,"2023-03-29","2023-03-29","2023-05-19T11:18:20Z","2024-05-29T00:02:53Z"
182,"Ellesmere Port and Neston",8,1697,84,"2023-03-29","2023-03-29","2023-05-19T11:18:20Z","2024-05-29T00:02:53Z"
183,"Elloes",8,1735,84,"2023-03-29","2023-03-29","2023-05-19T11:18:20Z","2024-05-29T00:02:53Z"
184,"Enfield",8,1736,84,"2023-03-29","2023-03-29","2023-05-19T11:18:20Z","2024-05-29T00:02:53Z"
185,"Epping and Ongar",8,1715,84,"2023-03-29","2023-03-29","2023-05-19T11:18:20Z","2024-05-29T00:02:53Z"
186,"Essex Committee",13,1623,84,"2023-03-29","2023-03-29","2023-05-19T11:18:20Z","2024-05-29T00:02:53Z"
189,"Falmouth and Kerrier",8,1701,84,"2023-03-29","2023-03-29","2023-05-19T11:18:20Z","2024-05-29T00:02:53Z"
191,"Family Proceedings Court",8,1866,84,"2023-03-29","2023-03-29","2023-05-19T11:18:20Z","2024-05-29T00:02:53Z"
192,"Faversham and Sittingbourne",8,1729,84,"2023-03-29","2023-03-29","2023-05-19T11:18:20Z","2024-05-29T00:02:53Z"
193,"Fenland",8,1693,84,"2023-03-29","2023-03-29","2023-05-19T11:18:20Z","2024-05-29T00:02:53Z"
194,"Fenwold Sub Committee",12,1545,84,"2023-03-29","2023-03-29","2023-05-19T11:18:20Z","2024-05-29T00:02:53Z"
195,"Flintshire",8,1744,84,"2023-03-29","2023-03-29","2023-05-19T11:18:20Z","2024-05-29T00:02:53Z"
196,"Forest",8,1513,84,"2023-03-29","2023-03-29","2023-05-19T11:18:20Z","2024-05-29T00:02:54Z"
198,"Furness and District",8,1703,84,"2023-03-29","2023-03-29","2023-05-19T11:18:20Z","2024-05-29T00:02:54Z"
200,"Fylde Coast LJA",8,1730,84,"2023-03-29","2023-03-29","2023-05-19T11:18:20Z","2024-05-29T00:02:54Z"
201,"Fylde Coast and North Lancashire Sub Committee",12,1554,84,"2023-03-29","2023-03-29","2023-05-19T11:18:20Z","2024-05-29T00:02:54Z"
202,"Gateshead Committee",13,1598,84,"2023-03-29","2023-03-29","2023-05-19T11:18:20Z","2024-05-29T00:02:54Z"
203,"Gateshead District LJA",8,1748,84,"2023-03-29","2023-03-29","2023-05-19T11:18:20Z","2024-05-29T00:02:54Z"
204,"Glamorgan Valleys LJA",8,1738,84,"2023-03-29","2023-03-29","2023-05-19T11:18:20Z","2024-05-29T00:02:54Z"
207,"Gloucestershire Committee",13,1594,84,"2023-03-29","2023-03-29","2023-05-19T11:18:20Z","2024-05-29T00:02:54Z"
208,"Gloucestershire LJA",8,1717,84,"2023-03-29","2023-03-29","2023-05-19T11:18:20Z","2024-05-29T00:02:54Z"
209,"Goole and Howdenshire",8,1727,84,"2023-03-29","2023-03-29","2023-05-19T11:18:20Z","2024-05-29T00:02:54Z"
210,"Grantham",8,1735,84,"2023-03-29","2023-03-29","2023-05-19T11:18:20Z","2024-05-29T00:02:54Z"
211,"Gravesham",8,1729,84,"2023-03-29","2023-03-29","2023-05-19T11:18:20Z","2024-05-29T00:02:54Z"
212,"Great Yarmouth",8,1739,84,"2023-03-29","2023-03-29","2023-05-19T11:18:20Z","2024-05-29T00:02:54Z"
213,"Great Yarmouth and North Norfolk Sub Committee",12,1538,84,"2023-03-29","2023-03-29","2023-05-19T11:18:20Z","2024-05-29T00:02:54Z"
214,"Greater Manchester Committee",13,1910,84,"2023-03-29","2023-03-29","2023-05-19T11:18:20Z","2024-05-29T00:02:54Z"
215,"Grimsby Sub Committee",12,1563,84,"2023-03-29","2023-03-29","2023-05-19T11:18:20Z","2024-05-29T00:02:54Z"
216,"Grimsby and Cleethorpes LJA",8,1727,84,"2023-03-29","2023-03-29","2023-05-19T11:18:20Z","2024-05-29T00:02:54Z"
217,"Gwent Committee",13,1589,84,"2023-03-29","2023-03-29","2023-05-19T11:18:20Z","2024-05-29T00:02:54Z"
218,"Gwent LJA",8,1721,84,"2023-03-29","2023-03-29","2023-05-19T11:18:20Z","2024-05-29T00:02:54Z"
219,"Gwent Appointments Sub Committee",12,1589,84,"2023-03-29","2023-03-29","2023-05-19T11:18:20Z","2024-05-29T00:02:54Z"
220,"Gwynedd LJA",8,1744,84,"2023-03-29","2023-03-29","2023-05-19T11:18:20Z","2024-05-29T00:02:54Z"
221,"Gwynedd Sub Committee",12,1528,84,"2023-03-29","2023-03-29","2023-05-19T11:18:20Z","2024-05-29T00:02:54Z"
222,"Halton",8,1697,84,"2023-03-29","2023-03-29","2023-05-19T11:18:20Z","2024-05-29T00:02:54Z"
223,"Hampshire and Isle of Wight Committee",13,1569,84,"2023-03-29","2023-03-29","2023-05-19T11:18:20Z","2024-05-29T00:02:54Z"
224,"Haringey",8,1736,84,"2023-03-29","2023-03-29","2023-05-19T11:18:20Z","2024-05-29T00:02:54Z"
225,"Harrogate and Skipton",8,1745,84,"2023-03-29","2023-03-29","2023-05-19T11:18:20Z","2024-05-29T00:02:54Z"
226,"Harrow Gore",8,1736,84,"2023-03-29","2023-03-29","2023-05-19T11:18:20Z","2024-05-29T00:02:54Z"
227,"Hartlepool",8,1806,84,"2023-03-29","2023-03-29","2023-05-19T11:18:21Z","2024-05-29T00:02:54Z"
228,"Harwarden",8,1700,84,"2023-03-29","2023-03-29","2023-05-19T11:18:21Z","2024-05-29T00:02:54Z"
231,"Haverhill",8,1664,84,"2023-03-29","2023-03-29","2023-05-19T11:18:21Z","2024-05-29T00:02:54Z"
233,"Havering L313",8,1740,84,"2023-03-29","2023-03-29","2023-05-19T11:18:21Z","2024-07-13T00:02:36Z"
235,"Hereford Sub Committee",12,1743,84,"2023-03-29","2023-03-29","2023-05-19T11:18:21Z","2024-05-29T00:02:54Z"
236,"Herefordshire LJA",8,1844,84,"2023-03-29","2023-03-29","2023-05-19T11:18:21Z","2024-05-29T00:02:54Z"
237,"Herefordshire Sub Committee",12,1743,84,"2023-03-29","2023-03-29","2023-05-19T11:18:21Z","2024-05-29T00:02:54Z"
238,"Hertfordshire Committee",13,1565,84,"2023-03-29","2023-03-29","2023-05-19T11:18:21Z","2024-05-29T00:02:54Z"
239,"Hertfordshire Advisory Sub Committee Sub Committee",12,1565,84,"2023-03-29","2023-03-29","2023-05-19T11:18:21Z","2024-05-29T00:02:54Z"
240,"High Peak",8,1707,84,"2023-03-29","2023-03-29","2023-05-19T11:18:21Z","2024-05-29T00:02:54Z"
241,"Hillingdon",8,1736,84,"2023-03-29","2023-03-29","2023-05-19T11:18:21Z","2024-05-29T00:02:54Z"
242,"Horsham",8,1790,84,"2023-03-29","2023-03-29","2023-05-19T11:18:21Z","2024-05-29T00:02:54Z"
243,"Houghton-le-Spring",8,1748,84,"2023-03-29","2023-03-29","2023-05-19T11:18:21Z","2024-05-29T00:02:54Z"
244,"Hounslow",8,1736,84,"2023-03-29","2023-03-29","2023-05-19T11:18:21Z","2024-05-29T00:02:54Z"
245,"Huddersfield Committee",13,1884,84,"2023-03-29","2023-03-29","2023-05-19T11:18:21Z","2024-05-29T00:02:54Z"
246,"Hull and Holderness LJA",8,1727,84,"2023-03-29","2023-03-29","2023-05-19T11:18:21Z","2024-05-29T00:02:54Z"
247,"Humber Committee",13,1563,84,"2023-03-29","2023-03-29","2023-05-19T11:18:21Z","2024-05-29T00:02:54Z"
248,"Huntingdonshire LJA",8,1693,84,"2023-03-29","2023-03-29","2023-05-19T11:18:21Z","2024-05-29T00:02:54Z"
249,"Hyndburn",8,1730,84,"2023-03-29","2023-03-29","2023-05-19T11:18:21Z","2024-05-29T00:02:54Z"
250,"Isle of Wight Committee",13,1561,84,"2023-03-29","2023-03-29","2023-05-19T11:18:21Z","2024-05-29T00:02:54Z"
251,"Isle of Wight LJA",8,1725,84,"2023-03-29","2023-03-29","2023-05-19T11:18:21Z","2024-05-29T00:02:54Z"
252,"Isle of Wight Sub Committee",12,1569,84,"2023-03-29","2023-03-29","2023-05-19T11:18:21Z","2024-05-29T00:02:54Z"
253,"Isles of Scilly",8,1701,84,"2023-03-29","2023-03-29","2023-05-19T11:18:21Z","2024-05-29T00:02:54Z"
254,"Keighley Committee",13,1938,84,"2023-03-29","2023-03-29","2023-05-19T11:18:21Z","2024-05-29T00:02:54Z"
255,"Keighley",8,2002,84,"2023-03-29","2023-03-29","2023-05-19T11:18:21Z","2024-05-29T00:02:54Z"
256,"Kennet",8,1728,84,"2023-03-29","2023-03-29","2023-05-19T11:18:21Z","2024-05-29T00:02:54Z"
257,"Kent Committee",13,1557,84,"2023-03-29","2023-03-29","2023-05-19T11:18:21Z","2024-05-29T00:02:54Z"
258,"Kent SC C Sub Committee",12,1557,84,"2023-03-29","2023-03-29","2023-05-19T11:18:21Z","2024-05-29T00:02:54Z"
259,"Kent SC E Sub Committee",12,1557,84,"2023-03-29","2023-03-29","2023-05-19T11:18:21Z","2024-05-29T00:02:54Z"
260,"Kent SC N Sub Committee",12,1557,84,"2023-03-29","2023-03-29","2023-05-19T11:18:21Z","2024-05-29T00:02:54Z"
262,"Kettering LJA",8,1747,84,"2023-03-29","2023-03-29","2023-05-19T11:18:21Z","2024-05-29T00:02:54Z"
263,"Kidderminster",8,1844,84,"2023-03-29","2023-03-29","2023-05-19T11:18:21Z","2024-05-29T00:02:54Z"
264,"Kidderminster Sub Committee",12,1743,84,"2023-03-29","2023-03-29","2023-05-19T11:18:21Z","2024-05-29T00:02:54Z"
265,"King's Lynn and West Norfolk Sub Committee",12,1538,84,"2023-03-29","2023-03-29","2023-05-19T11:18:21Z","2024-05-29T00:02:54Z"
266,"Kingston Upon Hull Committee",13,1556,84,"2023-03-29","2023-03-29","2023-05-19T11:18:21Z","2024-05-29T00:02:54Z"
268,"Kirklees LJA",8,1741,84,"2023-03-29","2023-03-29","2023-05-19T11:18:21Z","2024-05-29T00:02:54Z"
269,"Knowsley Committee",13,1555,84,"2023-03-29","2023-03-29","2023-05-19T11:18:21Z","2024-05-29T00:02:54Z"
270,"Knowsley",8,1840,84,"2023-03-29","2023-03-29","2023-05-19T11:18:21Z","2024-05-29T00:02:54Z"
271,"Lambeth and Southwark",8,1694,84,"2023-03-29","2023-03-29","2023-05-19T11:18:21Z","2024-05-29T00:02:54Z"
272,"Lancashire Committee",13,1554,84,"2023-03-29","2023-03-29","2023-05-19T11:18:21Z","2024-05-29T00:02:54Z"
273,"Lancashire No. 1 Sub Committee",12,1554,84,"2023-03-29","2023-03-29","2023-05-19T11:18:21Z","2024-05-29T00:02:54Z"
274,"Lancashire No. 2 Sub Committee",12,1554,84,"2023-03-29","2023-03-29","2023-05-19T11:18:21Z","2024-05-29T00:02:54Z"
275,"Lancashire No. 3 Sub Committee",12,1554,84,"2023-03-29","2023-03-29","2023-05-19T11:18:21Z","2024-05-29T00:02:54Z"
276,"Lancashire No. 4 Sub Committee",12,1554,84,"2023-03-29","2023-03-29","2023-05-19T11:18:21Z","2024-05-29T00:02:54Z"
277,"Lancashire No. 5 Sub Committee",12,1554,84,"2023-03-29","2023-03-29","2023-05-19T11:18:21Z","2024-05-29T00:02:54Z"
278,"Lancaster LJA",8,1730,84,"2023-03-29","2023-03-29","2023-05-19T11:18:21Z","2024-05-29T00:02:54Z"
279,"Langbaurgh East",8,1806,84,"2023-03-29","2023-03-29","2023-05-19T11:18:21Z","2024-05-29T00:02:54Z"
280,"Leeds LJA",8,1535,84,"2023-03-29","2023-03-29","2023-05-19T11:18:21Z","2024-07-13T00:02:36Z"
281,"Leeds Sub Committee",12,1544,84,"2023-03-29","2023-03-29","2023-05-19T11:18:21Z","2024-05-29T00:02:54Z"
283,"Leeds District Committee",13,1551,84,"2023-03-29","2023-03-29","2023-05-19T11:18:21Z","2024-05-29T00:02:54Z"
284,"Leicester Committee",13,1550,84,"2023-03-29","2023-03-29","2023-05-19T11:18:21Z","2024-05-29T00:02:54Z"
285,"Leicester, Market Harborough and Lutterworth LJA",8,1732,84,"2023-03-29",,"2023-05-19T11:18:21Z","2024-05-29T00:02:54Z"
286,"Leicestershire and Rutland Committee",13,1549,84,"2023-03-29","2023-03-29","2023-05-19T11:18:21Z","2024-05-29T00:02:54Z"
287,"Leighton Buzzard",8,1791,84,"2023-03-29","2023-03-29","2023-05-19T11:18:21Z","2024-05-29T00:02:54Z"
289,"Lewes and Crowborough",8,1714,84,"2023-03-29","2023-03-29","2023-05-19T11:18:21Z","2024-05-29T00:02:54Z"
290,"Lichfield",8,1842,84,"2023-03-29","2023-03-29","2023-05-19T11:18:21Z","2024-05-29T00:02:54Z"
291,"Lincoln District",8,1735,84,"2023-03-29","2023-03-29","2023-05-19T11:18:21Z","2024-05-29T00:02:54Z"
292,"Lincolnshire Committee",13,1545,84,"2023-03-29","2023-03-29","2023-05-19T11:18:21Z","2024-05-29T00:02:54Z"
293,"Liverpool and Knowsley LJA",8,1840,84,"2023-03-29","2023-03-29","2023-05-19T11:18:21Z","2024-07-13T00:02:36Z"
294,"Llanelli",8,1859,84,"2023-03-29","2023-03-29","2023-05-19T11:18:21Z","2024-05-29T00:02:54Z"
295,"London West Committee",13,1543,84,"2023-03-29","2023-03-29","2023-05-19T11:18:21Z","2024-05-29T00:02:54Z"
296,"Loughborough Sub Committee",12,1549,84,"2023-03-29","2023-03-29","2023-05-19T11:18:21Z","2024-05-29T00:02:54Z"
297,"Loughborough, Melton, Belvior and Rutland LJA",8,1733,84,"2023-03-29","2023-03-29","2023-05-19T11:18:21Z","2024-05-29T00:02:54Z"
298,"Lower Rhymney Valley",8,1721,84,"2023-03-29","2023-03-29","2023-05-19T11:18:21Z","2024-05-29T00:02:54Z"
302,"Luton and South Bedfordshire",8,1791,84,"2023-03-29","2023-03-29","2023-05-19T11:18:21Z","2024-05-29T00:02:54Z"
303,"Luton and South Bedfordshire Sub Committee",12,1689,84,"2023-03-29","2023-03-29","2023-05-19T11:18:21Z","2024-05-29T00:02:54Z"
304,"Macclesfield",8,1697,84,"2023-03-29","2023-03-29","2023-05-19T11:18:21Z","2024-05-29T00:02:54Z"
305,"Maidenhead",8,1940,84,"2023-03-29","2023-03-29","2023-05-19T11:18:21Z","2024-05-29T00:02:54Z"
307,"Manchester and Salford LJA",8,1996,84,"2023-03-29","2023-03-29","2023-05-19T11:18:21Z","2024-05-29T00:02:54Z"
308,"Mansfield Sub Committee",12,1514,84,"2023-03-29","2023-03-29","2023-05-19T11:18:21Z","2024-05-29T00:02:54Z"
309,"Mansfield and Worksop",8,1749,84,"2023-03-29","2023-03-29","2023-05-19T11:18:21Z","2024-05-29T00:02:54Z"
310,"Market Bosworth",8,1732,84,"2023-03-29","2023-03-29","2023-05-19T11:18:21Z","2024-05-29T00:02:54Z"
311,"Market Harborough and Lutterworth",8,1732,84,"2023-03-29","2023-03-29","2023-05-19T11:18:21Z","2024-05-29T00:02:54Z"
313,"Meirionnydd L127",8,1722,84,"2023-03-29","2023-03-29","2023-05-19T11:18:21Z","2024-05-29T00:02:54Z"
315,"Melton Belvoir and Rutland Sub Committee",12,1549,84,"2023-03-29","2023-03-29","2023-05-19T11:18:21Z","2024-05-29T00:02:54Z"
316,"Melton, Belvoir and Rutland",8,1732,84,"2023-03-29","2023-03-29","2023-05-19T11:18:21Z","2024-05-29T00:02:54Z"
317,"Mendip L230",8,1758,84,"2023-03-29","2023-03-29","2023-05-19T11:18:21Z","2024-05-29T00:02:54Z"
320,"Merseyside Committee",13,1798,84,"2023-03-29","2023-03-29","2023-05-19T11:18:21Z","2024-05-29T00:02:54Z"
321,"Merthyr Tydfil",8,1738,84,"2023-03-29","2023-03-29","2023-05-19T11:18:21Z","2024-05-29T00:02:54Z"
322,"Merton L321",8,1736,84,"2023-03-29","2023-03-29","2023-05-19T11:18:21Z","2024-07-13T00:02:36Z"
324,"Mid and South Glamorgan Committee",13,1540,84,"2023-03-29","2023-03-29","2023-05-19T11:18:21Z","2024-05-29T00:02:54Z"
326,"Mid and South East Northumberland LJA",8,1748,84,"2023-03-29","2023-03-29","2023-05-19T11:18:21Z","2024-05-29T00:02:54Z"
327,"Mid Glamorgan Sub Committee",12,1540,84,"2023-03-29","2023-03-29","2023-05-19T11:18:21Z","2024-05-29T00:02:54Z"
328,"Mid Hertfordshire",8,1726,84,"2023-03-29","2023-03-29","2023-05-19T11:18:21Z","2024-05-29T00:02:54Z"
329,"Mid Kent",8,1729,84,"2023-03-29","2023-03-29","2023-05-19T11:18:21Z","2024-05-29T00:02:54Z"
330,"Mid North Essex Sub Committee",12,1623,84,"2023-03-29","2023-03-29","2023-05-19T11:18:21Z","2024-05-29T00:02:54Z"
331,"Mid South and East Cheshire Sub Committee",12,1653,84,"2023-03-29","2023-03-29","2023-05-19T11:18:21Z","2024-05-29T00:02:54Z"
332,"Mid Warwickshire",8,1751,84,"2023-03-29","2023-03-29","2023-05-19T11:18:21Z","2024-05-29T00:02:54Z"
334,"Mid-North Essex",8,1715,84,"2023-03-29","2023-03-29","2023-05-19T11:18:21Z","2024-05-29T00:02:54Z"
335,"Mid-South Essex",8,1715,84,"2023-03-29","2023-03-29","2023-05-19T11:18:21Z","2024-05-29T00:02:54Z"
336,"Mid-Sussex",8,1790,84,"2023-03-29","2023-03-29","2023-05-19T11:18:21Z","2024-05-29T00:02:54Z"
337,"Miskin",8,1738,84,"2023-03-29","2023-03-29","2023-05-19T11:18:21Z","2024-05-29T00:02:54Z"
338,"Miskin Sub Committee",12,1540,84,"2023-03-29","2023-03-29","2023-05-19T11:18:21Z","2024-05-29T00:02:54Z"
339,"Mold",8,1700,84,"2023-03-29","2023-03-29","2023-05-19T11:18:21Z","2024-05-29T00:02:54Z"
340,"Montgomeryshire LJA",8,1859,84,"2023-03-29","2023-03-29","2023-05-19T11:18:21Z","2024-05-29T00:02:54Z"
341,"Morley",8,1731,84,"2023-03-29","2023-03-29","2023-05-19T11:18:21Z","2024-05-29T00:02:54Z"
343,"Neath Port Talbot L139",8,1746,84,"2023-03-29","2023-03-29","2023-05-19T11:18:21Z","2024-05-29T00:02:54Z"
346,"Newark and Southwell",8,1749,84,"2023-03-29","2023-03-29","2023-05-19T11:18:21Z","2024-05-29T00:02:54Z"
348,"Newcastle and Ogmore Sub Committee",12,1540,84,"2023-03-29","2023-03-29","2023-05-19T11:18:21Z","2024-05-29T00:02:54Z"
349,"Newcastle and Ogmore LJA",8,1738,84,"2023-03-29","2023-03-29","2023-05-19T11:18:21Z","2024-05-29T00:02:54Z"
350,"Newcastle and Tynedale LJA",8,1748,84,"2023-03-29","2023-03-29","2023-05-19T11:18:21Z","2024-05-29T00:02:54Z"
351,"Newcastle Upon Tyne Committee",13,1539,84,"2023-03-29","2024-03-29","2023-05-19T11:18:21Z","2024-06-25T00:02:52Z"
352,"Newham L344",8,1740,84,"2023-03-29","2023-03-29","2023-05-19T11:18:21Z","2024-05-29T00:02:54Z"
354,"Newham and Thames Sub Committee",12,1537,84,"2023-03-29","2023-03-29","2023-05-19T11:18:21Z","2024-05-29T00:02:54Z"
355,"Norfolk Committee",13,1538,84,"2023-03-29","2023-03-29","2023-05-19T11:18:21Z","2024-05-29T00:02:54Z"
356,"Norfolk LJA",8,1739,84,"2023-03-29","2023-03-29","2023-05-19T11:18:21Z","2024-05-29T00:02:54Z"
357,"North and East Devon Sub Committee",12,1635,84,"2023-03-29","2023-03-29","2023-05-19T11:18:21Z","2024-05-29T00:02:54Z"
358,"North and East Hertfordshire LJA",8,1726,84,"2023-03-29","2023-03-29","2023-05-19T11:18:21Z","2024-05-29T00:02:54Z"
359,"North and East Hertfordshire Sub Committee",12,1565,84,"2023-03-29","2023-03-29","2023-05-19T11:18:21Z","2024-05-29T00:02:54Z"
360,"North and East London Sub Committee",12,1537,84,"2023-03-29","2023-03-29","2023-05-19T11:18:21Z","2024-05-29T00:02:54Z"
361,"North and East Surrey Sub Committee",12,1518,84,"2023-03-29","2023-03-29","2023-05-19T11:18:21Z","2024-05-29T00:02:54Z"
362,"North (Avon and Somerset) Sub Committee",12,1814,84,"2023-03-29","2023-03-29","2023-05-19T11:18:21Z","2024-05-29T00:02:54Z"
363,"North and East Devon LJA",8,1710,84,"2023-03-29","2023-03-29","2023-05-19T11:18:21Z","2024-05-29T00:02:54Z"
364,"North and East London Committee",13,1537,84,"2023-03-29","2023-03-29","2023-05-19T11:18:21Z","2024-05-29T00:02:54Z"
365,"North and West Cumbria LJA",8,1703,84,"2023-03-29","2023-03-29","2023-05-19T11:18:21Z","2024-05-29T00:02:54Z"
366,"North Avon LJA",8,1835,84,"2023-03-29","2023-03-29","2023-05-19T11:18:21Z","2024-05-29T00:02:54Z"
367,"North Avon Sub Committee",12,1688,84,"2023-03-29","2023-03-29","2023-05-19T11:18:21Z","2024-05-29T00:02:54Z"
368,"North Cambridgeshire LJA",8,1693,84,"2023-03-29","2023-03-29","2023-05-19T11:18:21Z","2024-07-13T00:02:36Z"
369,"North Cambridgeshire Sub Committee",12,1658,84,"2023-03-29","2023-03-29","2023-05-19T11:18:21Z","2024-05-29T00:02:54Z"
370,"North Cheshire LJA",8,1697,84,"2023-03-29","2023-03-29","2023-05-19T11:18:21Z","2024-07-13T00:02:36Z"
371,"North Cleveland Committee",13,1650,84,"2023-03-29","2023-03-29","2023-05-19T11:18:21Z","2024-05-29T00:02:54Z"
372,"North Cumbria",8,1703,84,"2023-03-29","2023-03-29","2023-05-19T11:18:21Z","2024-05-29T00:02:54Z"
373,"North Derbyshire Sub Committee",12,1642,84,"2023-03-29","2023-03-29","2023-05-19T11:18:21Z","2024-05-29T00:02:54Z"
374,"North Devon",8,1783,84,"2023-03-29","2023-03-29","2023-05-19T11:18:21Z","2024-05-29T00:02:54Z"
375,"North Devon Sub Committee",12,1489,84,"2023-03-29","2023-03-29","2023-05-19T11:18:21Z","2024-05-29T00:02:54Z"
376,"North Durham Sub Committee",12,1649,84,"2023-03-29","2023-03-29","2023-05-19T11:18:21Z","2024-05-29T00:02:54Z"
377,"North East Cumbria Sub Committee",12,1643,84,"2023-03-29","2023-03-29","2023-05-19T11:18:21Z","2024-05-29T00:02:54Z"
378,"North East Derbyshire and Dales",8,1707,84,"2023-03-29","2023-03-29","2023-05-19T11:18:21Z","2024-05-29T00:02:54Z"
379,"North East Essex Sub Committee",12,1623,84,"2023-03-29","2023-03-29","2023-05-19T11:18:21Z","2024-05-29T00:02:54Z"
380,"North East London LJA",8,1740,84,"2023-03-29","2023-03-29","2023-05-19T11:18:21Z","2024-05-29T00:02:54Z"
381,"North East Suffolk",8,1664,84,"2023-03-29","2023-03-29","2023-05-19T11:18:21Z","2024-05-29T00:02:55Z"
383,"North East Wales LJA",8,1744,84,"2023-03-29","2023-03-29","2023-05-19T11:18:21Z","2024-05-29T00:02:55Z"
384,"North Essex LJA",8,1715,84,"2023-03-29","2023-03-29","2023-05-19T11:18:21Z","2024-05-29T00:02:55Z"
387,"North Hampshire LJA",8,1725,84,"2023-03-29","2023-03-29","2023-05-19T11:18:21Z","2024-05-29T00:02:55Z"
388,"North Hampshire Sub Committee",12,1569,84,"2023-03-29","2023-03-29","2023-05-19T11:18:21Z","2024-05-29T00:02:55Z"
389,"North Hertfordshire",8,1726,84,"2023-03-29","2023-03-29","2023-05-19T11:18:21Z","2024-05-29T00:02:55Z"
390,"North Kent LJA",8,1729,84,"2023-03-29","2023-03-29","2023-05-19T11:18:21Z","2024-05-29T00:02:55Z"
391,"North Lincolnshire LJA",8,1727,84,"2023-03-29","2023-03-29","2023-05-19T11:18:21Z","2024-05-29T00:02:55Z"
392,"North Lincolnshire Sub Committee",12,1563,84,"2023-03-29","2023-03-29","2023-05-19T11:18:21Z","2024-05-29T00:02:55Z"
393,"North London LJA",8,1740,84,"2023-03-29","2023-03-29","2023-05-19T11:18:21Z","2024-05-29T00:02:55Z"
394,"North Norfolk",8,1739,84,"2023-03-29","2023-03-29","2023-05-19T11:18:21Z","2024-05-29T00:02:55Z"
396,"North Powys Committee",13,1532,84,"2023-03-29","2023-03-29","2023-05-19T11:18:21Z","2024-05-29T00:02:55Z"
397,"North Sefton Committee",13,1530,84,"2023-03-29","2023-03-29","2023-05-19T11:18:21Z","2024-05-29T00:02:55Z"
398,"North Somerset Sub Committee",12,1463,84,"2023-03-29","2023-03-29","2023-05-19T11:18:21Z","2024-05-29T00:02:55Z"
399,"North Staffordshire LJA",8,1842,84,"2023-03-29","2023-03-29","2023-05-19T11:18:21Z","2024-05-29T00:02:55Z"
400,"North Staffordshire Sub Committee",12,1797,84,"2023-03-29","2023-03-29","2023-05-19T11:18:21Z","2024-05-29T00:02:55Z"
401,"North Surrey LJA",8,1762,84,"2023-03-29","2023-03-29","2023-05-19T11:18:21Z","2024-05-29T00:02:55Z"
402,"North Tyneside Committee",13,1529,84,"2023-03-29","2023-03-29","2023-05-19T11:18:21Z","2024-05-29T00:02:55Z"
403,"North Tyneside District LJA",8,1748,84,"2023-03-29","2023-03-29","2023-05-19T11:18:21Z","2024-05-29T00:02:55Z"
404,"North Wales Committee",13,1528,84,"2023-03-29","2023-03-29","2023-05-19T11:18:21Z","2024-05-29T00:02:55Z"
405,"North West Cheshire Sub Committee",12,1653,84,"2023-03-29","2023-03-29","2023-05-19T11:18:21Z","2024-05-29T00:02:55Z"
406,"North West Essex Sub Committee",12,1623,84,"2023-03-29","2023-03-29","2023-05-19T11:18:21Z","2024-05-29T00:02:55Z"
409,"North West Hampshire",8,1725,84,"2023-03-29","2023-03-29","2023-05-19T11:18:21Z","2024-05-29T00:02:55Z"
410,"North West Interviewing SC Sub Committee",12,1543,84,"2023-03-29","2023-03-29","2023-05-19T11:18:21Z","2024-05-29T00:02:55Z"
411,"North West Lincolnshire Sub Committee",12,1545,84,"2023-03-29","2023-03-29","2023-05-19T11:18:21Z","2024-05-29T00:02:55Z"
412,"North West London LJA",8,1736,84,"2023-03-29","2023-03-29","2023-05-19T11:18:21Z","2024-07-13T00:02:36Z"
418,"North West Surrey",8,1762,84,"2023-03-29","2023-03-29","2023-05-19T11:18:21Z","2024-05-29T00:02:55Z"
420,"North West Wiltshire",8,1728,84,"2023-03-29","2023-03-29","2023-05-19T11:18:21Z","2024-05-29T00:02:55Z"
421,"North West Wiltshire Sub Committee",12,1558,84,"2023-03-29","2023-03-29","2023-05-19T11:18:21Z","2024-05-29T00:02:55Z"
422,"North Westminster L296 LJA",8,1768,84,"2023-03-29","2023-03-29","2023-05-19T11:18:21Z","2024-05-29T00:02:55Z"
424,"North Yorkshire Committee",13,1523,84,"2023-03-29","2023-03-29","2023-05-19T11:18:21Z","2024-05-29T00:02:55Z"
425,"North Yorkshire SC 1 Sub Committee",12,1523,84,"2023-03-29","2023-03-29","2023-05-19T11:18:21Z","2024-05-29T00:02:55Z"
426,"North Yorkshire SC 2 Sub Committee",12,1523,84,"2023-03-29","2023-03-29","2023-05-19T11:18:21Z","2024-05-29T00:02:55Z"
427,"North Yorkshire SC 3 Sub Committee",12,1523,84,"2023-03-29","2023-03-29","2023-05-19T11:18:21Z","2024-05-29T00:02:55Z"
428,"North Yorkshire SC 4 Sub Committee",12,1523,84,"2023-03-29","2023-03-29","2023-05-19T11:18:21Z","2024-05-29T00:02:55Z"
429,"Northallerton and Richmond (old)",8,1745,84,"2023-03-29","2023-03-29","2023-05-19T11:18:21Z","2024-05-29T00:02:55Z"
430,"Northampton, Daventry and Towcester LJA",8,1747,84,"2023-03-29","2023-03-29","2023-05-19T11:18:21Z","2024-05-29T00:02:55Z"
431,"Northamptonshire Committee",13,1522,84,"2023-03-29","2023-03-29","2023-05-19T11:18:21Z","2024-05-29T00:02:55Z"
432,"North-East Essex",8,1715,84,"2023-03-29","2023-03-29","2023-05-19T11:18:21Z","2024-05-29T00:02:55Z"
433,"Northern Derbyshire LJA",8,1707,84,"2023-03-29","2023-03-29","2023-05-19T11:18:21Z","2024-05-29T00:02:55Z"
434,"Northern Sub Committee",12,1520,84,"2023-03-29","2023-03-29","2023-05-19T11:18:21Z","2024-05-29T00:02:55Z"
435,"Northern Oxfordshire L219",8,1752,84,"2023-03-29","2023-03-29","2023-05-19T11:18:21Z","2024-05-29T00:02:55Z"
436,"Northern Oxfordshire L363",8,1659,84,"2023-03-29","2023-03-29","2023-05-19T11:18:21Z","2024-05-29T00:02:55Z"
437,"Northumbria Committee",13,1520,84,"2023-03-29","2023-03-29","2023-05-19T11:18:21Z","2024-05-29T00:02:55Z"
438,"North-West Essex",8,1715,84,"2023-03-29","2023-03-29","2023-05-19T11:18:21Z","2024-05-29T00:02:55Z"
439,"Norwich",8,1739,84,"2023-03-29","2023-03-29","2023-05-19T11:18:21Z","2024-05-29T00:02:55Z"
440,"Norwich Sub Committee",12,1538,84,"2023-03-29","2023-03-29","2023-05-19T11:18:21Z","2024-05-29T00:02:55Z"
441,"Nottingham Committee",13,1516,84,"2023-03-29","2023-03-29","2023-05-19T11:18:21Z","2024-05-29T00:02:55Z"
442,"Nottinghamshire Committee",13,1514,84,"2023-03-29","2023-03-29","2023-05-19T11:18:21Z","2024-05-29T00:02:55Z"
443,"Nottinghamshire LJA",8,1749,84,"2023-03-29","2023-03-29","2023-05-19T11:18:21Z","2024-05-29T00:02:55Z"
450,"Oldham Committee",13,1805,84,"2023-03-29","2023-03-29","2023-05-19T11:18:21Z","2024-05-29T00:02:55Z"
451,"Oldham LJA",8,1996,84,"2023-03-29","2023-03-29","2023-05-19T11:18:21Z","2024-05-29T00:02:55Z"
452,"Ormskirk LJA",8,1730,84,"2023-03-29","2023-03-29","2023-05-19T11:18:21Z","2024-05-29T00:02:55Z"
454,"Oswestry old",8,1756,84,"2023-03-29","2023-03-29","2023-05-19T11:18:21Z","2024-05-29T00:02:55Z"
455,"Oxford",8,1752,84,"2023-03-29","2023-03-29","2023-05-19T11:18:21Z","2024-05-29T00:02:55Z"
457,"Oxfordshire Committee",13,1802,84,"2023-03-29","2023-03-29","2023-05-19T11:18:21Z","2024-05-29T00:02:55Z"
458,"Oxfordshire LJA",8,2006,84,"2023-03-29","2023-03-29","2023-05-19T11:18:21Z","2024-07-13T00:02:36Z"
459,"Oxfordshire (Advisory sub-committee) Sub Committee",12,1904,84,"2023-03-29","2023-03-29","2023-05-19T11:18:21Z","2024-05-29T00:02:55Z"
460,"Oxfordshire Sub-Committee Sub Committee",12,1904,84,"2023-03-29","2023-03-29","2023-05-19T11:18:21Z","2024-05-29T00:02:55Z"
461,"Pembroke Committee",13,1502,84,"2023-03-29","2023-03-29","2023-05-19T11:18:21Z","2024-05-29T00:02:55Z"
462,"Pembrokeshire",8,1859,84,"2023-03-29","2023-03-29","2023-05-19T11:18:22Z","2024-05-29T00:02:55Z"
463,"Penwith",8,1701,84,"2023-03-29","2023-03-29","2023-05-19T11:18:22Z","2024-05-29T00:02:55Z"
464,"Plymouth Committee",13,1498,84,"2023-03-29","2023-03-29","2023-05-19T11:18:22Z","2024-05-29T00:02:55Z"
465,"Pontefract Committee",13,1497,84,"2023-03-29","2023-03-29","2023-05-19T11:18:22Z","2024-05-29T00:02:55Z"
466,"Pontefract",8,2002,84,"2023-03-29","2023-03-29","2023-05-19T11:18:22Z","2024-05-29T00:02:55Z"
467,"Poole",8,1789,84,"2023-03-29","2023-03-29","2023-05-19T11:18:22Z","2024-05-29T00:02:55Z"
469,"Powys Committee",13,1632,84,"2023-03-29","2023-03-29","2023-05-19T11:18:22Z","2024-05-29T00:02:55Z"
470,"Powys Sub Committee",12,1793,84,"2023-03-29","2023-03-29","2023-05-19T11:18:22Z","2024-05-29T00:02:55Z"
471,"Preston",8,1730,84,"2023-03-29","2023-03-29","2023-05-19T11:18:22Z","2024-05-29T00:02:55Z"
472,"Preston and South Ribble LJA",8,1730,84,"2023-03-29","2023-03-29","2023-05-19T11:18:22Z","2024-05-29T00:02:55Z"
474,"Pudsey and Otley",8,1731,84,"2023-03-29","2023-03-29","2023-05-19T11:18:22Z","2024-05-29T00:02:55Z"
475,"Pydar",8,1701,84,"2023-03-29","2023-03-29","2023-05-19T11:18:22Z","2024-05-29T00:02:55Z"
476,"Reading L13",8,1940,84,"2023-03-29","2023-03-29","2023-05-19T11:18:22Z","2024-05-29T00:02:55Z"
477,"Reading L367",8,1977,84,"2023-03-29","2023-03-29","2023-05-19T11:18:22Z","2024-05-29T00:02:55Z"
478,"Reading Sub Committee",12,1846,84,"2023-03-29","2023-03-29","2023-05-19T11:18:22Z","2024-05-29T00:02:55Z"
479,"Redbridge L315",8,1740,84,"2023-03-29","2023-03-29","2023-05-19T11:18:22Z","2024-05-29T00:02:55Z"
481,"Redbridge and Waltham Forest Sub Committee",12,1537,84,"2023-03-29","2023-03-29","2023-05-19T11:18:22Z","2024-05-29T00:02:55Z"
483,"Richmond-upon-Thames L347",8,1736,84,"2023-03-29","2023-03-29","2023-05-19T11:18:22Z","2024-05-29T00:02:55Z"
484,"Richmond-Upon-Thames L406",8,1866,84,"2023-03-29","2023-03-29","2023-05-19T11:18:22Z","2024-05-29T00:02:55Z"
485,"Rochdale Middleton and Heywood Committee",13,1857,84,"2023-03-29","2023-03-29","2023-05-19T11:18:22Z","2024-05-29T00:02:55Z"
486,"Rochdale Middleton and Heywood",8,1986,84,"2023-03-29","2023-03-29","2023-05-19T11:18:22Z","2024-05-29T00:02:55Z"
487,"Rotherham Committee",13,1494,84,"2023-03-29","2023-03-29","2023-05-19T11:18:22Z","2024-05-29T00:02:55Z"
488,"Rotherham LJA",8,1836,84,"2023-03-29","2023-03-29","2023-05-19T11:18:22Z","2024-05-29T00:02:55Z"
489,"Rugby",8,1751,84,"2023-03-29","2023-03-29","2023-05-19T11:18:22Z","2024-05-29T00:02:55Z"
494,"Salford Committee",13,1493,84,"2023-03-29","2023-03-29","2023-05-19T11:18:22Z","2024-05-29T00:02:55Z"
495,"Sandwell Committee",13,1492,84,"2023-03-29","2023-03-29","2023-05-19T11:18:22Z","2024-05-29T00:02:55Z"
496,"Scarborough",8,1745,84,"2023-03-29","2023-03-29","2023-05-19T11:18:22Z","2024-05-29T00:02:55Z"
497,"Sedgefield",8,1712,84,"2023-03-29","2023-03-29","2023-05-19T11:18:22Z","2024-05-29T00:02:55Z"
498,"Sedgemoor L231",8,1758,84,"2023-03-29","2023-03-29","2023-05-19T11:18:22Z","2024-05-29T00:02:55Z"
499,"Sedgemoor L370",8,1835,84,"2023-03-29","2023-03-29","2023-05-19T11:18:22Z","2024-05-29T00:02:55Z"
500,"Sedgemoor Sub Committee",12,1814,84,"2023-03-29","2023-03-29","2023-05-19T11:18:22Z","2024-05-29T00:02:55Z"
501,"Sefton LJA",8,1840,84,"2023-03-29","2023-03-29","2023-05-19T11:18:22Z","2024-05-29T00:02:55Z"
502,"Selby",8,1745,84,"2023-03-29","2023-03-29","2023-05-19T11:18:22Z","2024-05-29T00:02:55Z"
503,"Sheffield Committee",13,1490,84,"2023-03-29","2023-03-29","2023-05-19T11:18:22Z","2024-05-29T00:02:55Z"
504,"Sheffield LJA",8,1836,84,"2023-03-29","2023-03-29","2023-05-19T11:18:22Z","2024-05-29T00:02:55Z"
506,"Shrewsbury Sub Committee",12,1811,84,"2023-03-29","2023-03-29","2023-05-19T11:18:22Z","2024-05-29T00:02:55Z"
507,"Shrewsbury and North Shropshire",8,1844,84,"2023-03-29","2023-03-29","2023-05-19T11:18:22Z","2024-05-29T00:02:55Z"
508,"Shrewsbury old",8,1756,84,"2023-03-29","2023-03-29","2023-05-19T11:18:22Z","2024-05-29T00:02:55Z"
510,"Shropshire Committee",13,1524,84,"2023-03-29","2023-03-29","2023-05-19T11:18:22Z","2024-05-29T00:02:55Z"
511,"Shropshire LJA",8,1844,84,"2023-03-29","2023-03-29","2023-05-19T11:18:22Z","2024-05-29T00:02:55Z"
512,"Shropshire Sub Committee",12,1743,84,"2023-03-29","2023-03-29","2023-05-19T11:18:22Z","2024-05-29T00:02:55Z"
514,"Skegness",8,1735,84,"2023-03-29","2023-03-29","2023-05-19T11:18:22Z","2024-05-29T00:02:55Z"
515,"Skipton",8,1745,84,"2023-03-29","2023-03-29","2023-05-19T11:18:22Z","2024-05-29T00:02:55Z"
517,"Skyrack and Wetherby",8,1731,84,"2023-03-29","2023-03-29","2023-05-19T11:18:22Z","2024-05-29T00:02:55Z"
518,"Sleaford",8,1735,84,"2023-03-29","2023-03-29","2023-05-19T11:18:22Z","2024-05-29T00:02:55Z"
519,"Solihull Committee",13,1486,84,"2023-03-29","2023-03-29","2023-05-19T11:18:22Z","2024-05-29T00:02:55Z"
520,"Solihull",8,1691,84,"2023-03-29","2023-03-29","2023-05-19T11:18:22Z","2024-05-29T00:02:55Z"
521,"Somerset LJA",8,1835,84,"2023-03-29","2023-03-29","2023-05-19T11:18:22Z","2024-05-29T00:02:55Z"
522,"South and East Cheshire LJA",8,1697,84,"2023-03-29","2023-03-29","2023-05-19T11:18:22Z","2024-05-29T00:02:55Z"
523,"South and South East Hampshire Committee",13,1724,84,"2023-03-29","2023-03-29","2023-05-19T11:18:22Z","2024-05-29T00:02:55Z"
524,"South and South East Hampshire Sub Committee",12,1569,84,"2023-03-29","2023-03-29","2023-05-19T11:18:22Z","2024-05-29T00:02:55Z"
525,"South and West Devon LJA",8,1710,84,"2023-03-29","2023-03-29","2023-05-19T11:18:22Z","2024-05-29T00:02:55Z"
526,"South and West Devon Sub Committee",12,1635,84,"2023-03-29","2023-03-29","2023-05-19T11:18:22Z","2024-05-29T00:02:55Z"
527,"South (Avon and Somerset) Sub Committee",12,1814,84,"2023-03-29","2023-03-29","2023-05-19T11:18:22Z","2024-05-29T00:02:55Z"
528,"South and Middle Holderness",8,1727,84,"2023-03-29","2023-03-29","2023-05-19T11:18:22Z","2024-05-29T00:02:55Z"
529,"South Cambridgeshire LJA",8,1693,84,"2023-03-29","2023-03-29","2023-05-19T11:18:22Z","2024-07-13T00:02:36Z"
530,"South Cambridgeshire Sub Committee",12,1658,84,"2023-03-29","2023-03-29","2023-05-19T11:18:22Z","2024-05-29T00:02:55Z"
532,"South Cheshire",8,1697,84,"2023-03-29","2023-03-29","2023-05-19T11:18:22Z","2024-05-29T00:02:55Z"
533,"South Cleveland Committee",13,1481,84,"2023-03-29","2023-03-29","2023-05-19T11:18:22Z","2024-05-29T00:02:55Z"
534,"South Cumbria LJA",8,1703,84,"2023-03-29","2023-03-29","2023-05-19T11:18:22Z","2024-05-29T00:02:55Z"
535,"South Devon",8,1783,84,"2023-03-29","2023-03-29","2023-05-19T11:18:22Z","2024-05-29T00:02:55Z"
536,"South Devon Sub Committee",12,1635,84,"2023-03-29","2023-03-29","2023-05-19T11:18:22Z","2024-05-29T00:02:55Z"
537,"South Durham",8,1712,84,"2023-03-29","2023-03-29","2023-05-19T11:18:22Z","2024-05-29T00:02:55Z"
538,"South Durham Sub Committee",12,1633,84,"2023-03-29","2023-03-29","2023-05-19T11:18:22Z","2024-05-29T00:02:55Z"
540,"South East Cumbria Sub Committee",12,1643,84,"2023-03-29","2023-03-29","2023-05-19T11:18:22Z","2024-05-29T00:02:55Z"
541,"South East Essex Sub Committee",12,1623,84,"2023-03-29","2023-03-29","2023-05-19T11:18:22Z","2024-05-29T00:02:55Z"
544,"South East Hampshire LJA",8,1725,84,"2023-03-29","2023-03-29","2023-05-19T11:18:22Z","2024-05-29T00:02:55Z"
545,"South East London LJA",8,1694,84,"2023-03-29","2023-03-29","2023-05-19T11:18:22Z","2024-07-13T00:02:36Z"
546,"South East Staffordshire LJA",8,1842,84,"2023-03-29","2023-03-29","2023-05-19T11:18:22Z","2024-05-29T00:02:55Z"
547,"South East Staffordshire Sub Committee",12,1797,84,"2023-03-29","2023-03-29","2023-05-19T11:18:22Z","2024-05-29T00:02:55Z"
548,"South East Suffolk",8,1664,84,"2023-03-29","2023-03-29","2023-05-19T11:18:22Z","2024-05-29T00:02:55Z"
549,"South East Surrey LJA",8,1762,84,"2023-03-29","2023-03-29","2023-05-19T11:18:22Z","2024-05-29T00:02:55Z"
550,"South East Surrey Sub Committee",12,1518,84,"2023-03-29","2023-03-29","2023-05-19T11:18:22Z","2024-05-29T00:02:55Z"
551,"South East Wiltshire",8,1728,84,"2023-03-29","2023-03-29","2023-05-19T11:18:22Z","2024-05-29T00:02:55Z"
552,"South East Wiltshire Sub Committee",12,1558,84,"2023-03-29","2023-03-29","2023-05-19T11:18:22Z","2024-05-29T00:02:55Z"
554,"South Essex LJA",8,1715,84,"2023-03-29","2023-03-29","2023-05-19T11:18:22Z","2024-05-29T00:02:55Z"
555,"South Glamorgan Committee",13,1472,84,"2023-03-29","2023-03-29","2023-05-19T11:18:22Z","2024-05-29T00:02:55Z"
556,"South Glamorgan Sub Committee",12,1472,84,"2023-03-29","2023-03-29","2023-05-19T11:18:22Z","2024-05-29T00:02:55Z"
558,"South Hampshire LJA",8,1725,84,"2023-03-29","2023-03-29","2023-05-19T11:18:22Z","2024-05-29T00:02:55Z"
561,"South Lakeland",8,1703,84,"2023-03-29","2023-03-29","2023-05-19T11:18:22Z","2024-05-29T00:02:55Z"
563,"South Lincolnshire LJA",8,1735,84,"2023-03-29","2023-03-29","2023-05-19T11:18:22Z","2024-05-29T00:02:55Z"
564,"South Lincolnshire Sub Committee",12,1545,84,"2023-03-29","2023-03-29","2023-05-19T11:18:22Z","2024-05-29T00:02:55Z"
565,"South London LJA",8,1694,84,"2023-03-29","2023-03-29","2023-05-19T11:18:22Z","2024-05-29T00:02:55Z"
566,"South London Sub Committee",12,1657,84,"2023-03-29","2023-03-29","2023-05-19T11:18:22Z","2024-05-29T00:02:55Z"
567,"South Norfolk",8,1739,84,"2023-03-29","2023-03-29","2023-05-19T11:18:22Z","2024-05-29T00:02:55Z"
569,"South Powys Committee",13,1468,84,"2023-03-29","2023-03-29","2023-05-19T11:18:22Z","2024-05-29T00:02:55Z"
570,"South Ribble",8,1730,84,"2023-03-29","2023-03-29","2023-05-19T11:18:22Z","2024-05-29T00:02:55Z"
571,"South Sefton Committee",13,1541,84,"2023-03-29","2023-03-29","2023-05-19T11:18:22Z","2024-05-29T00:02:55Z"
572,"South Sefton",8,1840,84,"2023-03-29","2023-03-29","2023-05-19T11:18:22Z","2024-05-29T00:02:55Z"
573,"South Somerset",8,1758,84,"2023-03-29","2023-03-29","2023-05-19T11:18:22Z","2024-05-29T00:02:55Z"
574,"South Somerset and Mendip",8,1835,84,"2023-03-29","2023-03-29","2023-05-19T11:18:22Z","2024-05-29T00:02:55Z"
575,"South Somerset and Mendip Sub Committee",12,1814,84,"2023-03-29","2023-03-29","2023-05-19T11:18:22Z","2024-05-29T00:02:55Z"
576,"South Tyneside Committee",13,1651,84,"2023-03-29","2023-03-29","2023-05-19T11:18:22Z","2024-05-29T00:02:55Z"
577,"South Tyneside District LJA",8,1748,84,"2023-03-29","2023-03-29","2023-05-19T11:18:22Z","2024-05-29T00:02:55Z"
578,"South Warwickshire",8,1751,84,"2023-03-29","2023-03-29","2023-05-19T11:18:22Z","2024-05-29T00:02:55Z"
579,"South West Cumbria Sub Committee",12,1643,84,"2023-03-29","2023-03-29","2023-05-19T11:18:22Z","2024-05-29T00:02:55Z"
580,"South West Essex Sub Committee",12,1623,84,"2023-03-29","2023-03-29","2023-05-19T11:18:22Z","2024-05-29T00:02:55Z"
581,"South West London Committee",13,1575,84,"2023-03-29","2023-03-29","2023-05-19T11:18:22Z","2024-05-29T00:02:55Z"
582,"South West London LJA",8,1736,84,"2023-03-29","2023-03-29","2023-05-19T11:18:22Z","2024-07-13T00:02:36Z"
583,"South West Surrey LJA",8,1762,84,"2023-03-29","2023-03-29","2023-05-19T11:18:22Z","2024-05-29T00:02:56Z"
584,"South West Surrey Sub Committee",12,1567,84,"2023-03-29","2023-03-29","2023-05-19T11:18:22Z","2024-05-29T00:02:56Z"
587,"South Westminster (old)",8,1768,84,"2023-03-29","2023-03-29","2023-05-19T11:18:22Z","2024-05-29T00:02:56Z"
588,"South Worcestershire",8,1844,84,"2023-03-29","2023-03-29","2023-05-19T11:18:22Z","2024-05-29T00:02:56Z"
589,"South Worcestershire Sub Committee",12,1743,84,"2023-03-29","2023-03-29","2023-05-19T11:18:22Z","2024-05-29T00:02:56Z"
590,"South Yorkshire Committee",13,1818,84,"2023-03-29","2023-03-29","2023-05-19T11:18:22Z","2024-05-29T00:02:56Z"
591,"Southampton",8,1725,84,"2023-03-29","2023-03-29","2023-05-19T11:18:22Z","2024-05-29T00:02:56Z"
593,"Southern Sub Committee",12,1520,84,"2023-03-29","2023-03-29","2023-05-19T11:18:22Z","2024-05-29T00:02:56Z"
594,"Southern Derbyshire LJA",8,1707,84,"2023-03-29","2023-03-29","2023-05-19T11:18:22Z","2024-05-29T00:02:56Z"
595,"Southern Derbyshire Sub Committee",12,1642,84,"2023-03-29","2023-03-29","2023-05-19T11:18:22Z","2024-05-29T00:02:56Z"
596,"Southern Oxfordshire L218",8,1752,84,"2023-03-29","2023-03-29","2023-05-19T11:18:22Z","2024-05-29T00:02:56Z"
597,"Southern Oxfordshire L365",8,1659,84,"2023-03-29","2023-03-29","2023-05-19T11:18:22Z","2024-05-29T00:02:56Z"
598,"South-West Essex",8,1715,84,"2023-03-29","2023-03-29","2023-05-19T11:18:22Z","2024-05-29T00:02:56Z"
601,"St. Helens Committee",13,1534,84,"2023-03-29","2023-03-29","2023-05-19T11:18:22Z","2024-05-29T00:02:56Z"
602,"St. Helens LJA",8,1840,84,"2023-03-29","2023-03-29","2023-05-19T11:18:22Z","2024-05-29T00:02:56Z"
603,"Staffordshire Committee",13,1797,84,"2023-03-29","2023-03-29","2023-05-19T11:18:22Z","2024-05-29T00:02:56Z"
604,"Staffordshire Moorlands",8,1842,84,"2023-03-29","2023-03-29","2023-05-19T11:18:22Z","2024-05-29T00:02:56Z"
605,"Stockport Committee",13,1499,84,"2023-03-29","2023-03-29","2023-05-19T11:18:22Z","2024-05-29T00:02:56Z"
606,"Stockport LJA",8,1996,84,"2023-03-29","2023-03-29","2023-05-19T11:18:22Z","2024-05-29T00:02:56Z"
607,"Stoke-on-Trent Committee",13,1526,84,"2023-03-29","2023-03-29","2023-05-19T11:18:22Z","2024-05-29T00:02:56Z"
608,"Stoke-on-Trent",8,1763,84,"2023-03-29","2023-03-29","2023-05-19T11:18:22Z","2024-05-29T00:02:56Z"
609,"Stourbridge and Halesowen",8,1692,84,"2023-03-29","2023-03-29","2023-05-19T11:18:22Z","2024-05-29T00:02:56Z"
610,"Stowmarket",8,1664,84,"2023-03-29","2023-03-29","2023-05-19T11:18:22Z","2024-05-29T00:02:56Z"
611,"Suffolk Committee",13,1508,84,"2023-03-29","2023-03-29","2023-05-19T11:18:22Z","2024-05-29T00:02:56Z"
612,"Suffolk LJA",8,1664,84,"2023-03-29","2023-03-29","2023-05-19T11:18:22Z","2024-07-13T00:02:36Z"
613,"Suffolk Sub Committee",12,1508,84,"2023-03-29","2023-03-29","2023-05-19T11:18:22Z","2024-05-29T00:02:56Z"
614,"Sunderland Committee",13,1479,84,"2023-03-29","2023-03-29","2023-05-19T11:18:22Z","2024-05-29T00:02:56Z"
615,"Surrey Committee",13,1518,84,"2023-03-29","2023-03-29","2023-05-19T11:18:22Z","2024-05-29T00:02:56Z"
616,"Sussex Committee",13,1760,84,"2023-03-29","2023-03-29","2023-05-19T11:18:22Z","2024-05-29T00:02:56Z"
617,"Sussex (Central) LJA",8,1790,84,"2023-03-29","2023-03-29","2023-05-19T11:18:22Z","2024-05-29T00:02:56Z"
618,"Sussex (Central) Sub Committee",12,1760,84,"2023-03-29","2023-03-29","2023-05-19T11:18:22Z","2024-05-29T00:02:56Z"
619,"Sussex (Eastern) LJA",8,1790,84,"2023-03-29","2023-03-29","2023-05-19T11:18:22Z","2024-05-29T00:02:56Z"
620,"Sussex (Eastern) Sub Committee",12,1760,84,"2023-03-29","2023-03-29","2023-05-19T11:18:22Z","2024-05-29T00:02:56Z"
621,"Sussex (Northern)",8,1790,84,"2023-03-29","2023-03-29","2023-05-19T11:18:22Z","2024-05-29T00:02:56Z"
622,"Sussex (Northern) Sub Committee",12,1760,84,"2023-03-29","2023-03-29","2023-05-19T11:18:22Z","2024-05-29T00:02:56Z"
623,"Sussex (Western)",8,1790,84,"2023-03-29","2023-03-29","2023-05-19T11:18:22Z","2024-05-29T00:02:56Z"
624,"Sussex (Western) Sub Committee",12,1760,84,"2023-03-29","2023-03-29","2023-05-19T11:18:22Z","2024-05-29T00:02:56Z"
625,"Sutton L323",8,1694,84,"2023-03-29","2023-03-29","2023-05-19T11:18:22Z","2024-05-29T00:02:56Z"
627,"Sutton Coldfield Committee",13,1662,84,"2023-03-29","2023-03-29","2023-05-19T11:18:22Z","2024-05-29T00:02:56Z"
628,"Sutton Coldfield",8,1691,84,"2023-03-29","2023-03-29","2023-05-19T11:18:22Z","2024-05-29T00:02:56Z"
629,"Swansea County L140",8,1746,84,"2023-03-29","2023-03-29","2023-05-19T11:18:22Z","2024-05-29T00:02:56Z"
631,"Swindon",8,1728,84,"2023-03-29","2023-03-29","2023-05-19T11:18:22Z","2024-05-29T00:02:56Z"
632,"Swindon Sub Committee",12,1558,84,"2023-03-29","2023-03-29","2023-05-19T11:18:22Z","2024-05-29T00:02:56Z"
633,"Tameside Committee",13,1470,84,"2023-03-29","2023-03-29","2023-05-19T11:18:22Z","2024-05-29T00:02:56Z"
634,"Tameside LJA",8,1996,84,"2023-03-29","2023-03-29","2023-05-19T11:18:22Z","2024-05-29T00:02:56Z"
635,"Taunton Dean, West Somerset and Sedgemoor",8,1835,84,"2023-03-29","2023-03-29","2023-05-19T11:18:22Z","2024-05-29T00:02:56Z"
637,"Taunton Deane and West Somerset Sub Committee",12,1814,84,"2023-03-29","2023-03-29","2023-05-19T11:18:22Z","2024-05-29T00:02:56Z"
638,"Teesdale and Wear Valley",8,1712,84,"2023-03-29","2023-03-29","2023-05-19T11:18:22Z","2024-05-29T00:02:56Z"
639,"Teesside",8,1806,84,"2023-03-29","2023-03-29","2023-05-19T11:18:22Z","2024-05-29T00:02:56Z"
640,"Teignbridge",8,1708,84,"2023-03-29","2023-03-29","2023-05-19T11:18:22Z","2024-05-29T00:02:56Z"
642,"Telford Sub Committee",12,1489,84,"2023-03-29","2023-03-29","2023-05-19T11:18:22Z","2024-05-29T00:02:56Z"
644,"Telford and South Shropshire",8,1844,84,"2023-03-29","2023-03-29","2023-05-19T11:18:22Z","2024-05-29T00:02:56Z"
645,"Telford old",8,1756,84,"2023-03-29","2023-03-29","2023-05-19T11:18:22Z","2024-05-29T00:02:56Z"
647,"Tendring",8,1715,84,"2023-03-29","2023-03-29","2023-05-19T11:18:22Z","2024-05-29T00:02:56Z"
650,"Thames Valley Committee",13,1904,84,"2023-03-29","2023-03-29","2023-05-19T11:18:22Z","2024-05-29T00:02:56Z"
651,"Tiverton",8,1708,84,"2023-03-29","2023-03-29","2023-05-19T11:18:22Z","2024-05-29T00:02:56Z"
652,"Towcester",8,1747,84,"2023-03-29","2023-03-29","2023-05-19T11:18:22Z","2024-05-29T00:02:56Z"
653,"Trafford Committee",13,1500,84,"2023-03-29","2023-03-29","2023-05-19T11:18:22Z","2024-05-29T00:02:56Z"
654,"Trafford LJA",8,1996,84,"2023-03-29","2023-03-29","2023-05-19T11:18:22Z","2024-05-29T00:02:56Z"
655,"Truro and South Powder",8,1701,84,"2023-03-29","2023-03-29","2023-05-19T11:18:22Z","2024-05-29T00:02:56Z"
656,"Tynedale",8,1748,84,"2023-03-29","2023-03-29","2023-05-19T11:18:22Z","2024-05-29T00:02:56Z"
658,"Vale of Glamorgan",8,1738,84,"2023-03-29","2023-03-29","2023-05-19T11:18:22Z","2024-05-29T00:02:56Z"
659,"Vale of Glamorgan Sub Committee",12,1540,84,"2023-03-29","2023-03-29","2023-05-19T11:18:22Z","2024-05-29T00:02:56Z"
660,"Vale Royal",8,1697,84,"2023-03-29","2023-03-29","2023-05-19T11:18:22Z","2024-05-29T00:02:56Z"
661,"Wakefield Committee",13,1943,84,"2023-03-29","2023-03-29","2023-05-19T11:18:22Z","2024-05-29T00:02:56Z"
662,"Wakefield and Pontefract Sub Committee",12,1544,84,"2023-03-29","2023-03-29","2023-05-19T11:18:22Z","2024-05-29T00:02:56Z"
663,"Wakefield and Pontefract LJA",8,1741,84,"2023-03-29","2023-03-29","2023-05-19T11:18:22Z","2024-05-29T00:02:56Z"
664,"Walsall Committee",13,1503,84,"2023-03-29","2023-03-29","2023-05-19T11:18:22Z","2024-05-29T00:02:56Z"
665,"Walsall",8,1692,84,"2023-03-29","2023-03-29","2023-05-19T11:18:22Z","2024-05-29T00:02:56Z"
666,"Waltham Forest L316",8,1740,84,"2023-03-29","2023-03-29","2023-05-19T11:18:22Z","2024-05-29T00:02:56Z"
669,"Wandsworth L508",8,1736,84,"2023-03-29","2023-03-29","2023-05-19T11:18:22Z","2024-05-29T00:02:56Z"
670,"Warwickshire Committee",13,1512,84,"2023-03-29","2023-03-29","2023-05-19T11:18:22Z","2024-05-29T00:02:56Z"
671,"Warwickshire",8,1751,84,"2023-03-29","2023-03-29","2023-05-19T11:18:22Z","2024-05-29T00:02:56Z"
672,"Wellingborough LJA",8,1747,84,"2023-03-29","2023-03-29","2023-05-19T11:18:22Z","2024-05-29T00:02:56Z"
674,"West and Central Hertfordshire LJA",8,1726,84,"2023-03-29","2023-03-29","2023-05-19T11:18:22Z","2024-05-29T00:02:56Z"
675,"West Berkshire L15",8,1940,84,"2023-03-29","2023-03-29","2023-05-19T11:18:22Z","2024-05-29T00:02:56Z"
676,"West Berkshire L368",8,1977,84,"2023-03-29","2023-03-29","2023-05-19T11:18:22Z","2024-05-29T00:02:56Z"
677,"West Berkshire Sub Committee",12,1846,84,"2023-03-29","2023-03-29","2023-05-19T11:18:22Z","2024-05-29T00:02:56Z"
680,"West Cheshire LJA",8,1697,84,"2023-03-29","2023-03-29","2023-05-19T11:18:22Z","2024-05-29T00:02:56Z"
682,"West Cornwall",8,1783,84,"2023-03-29","2023-03-29","2023-05-19T11:18:22Z","2024-05-29T00:02:56Z"
683,"West Cumbria",8,1703,84,"2023-03-29","2023-03-29","2023-05-19T11:18:22Z","2024-05-29T00:02:56Z"
684,"West Cumbria Sub Committee",12,1543,84,"2023-03-29","2023-03-29","2023-05-19T11:18:22Z","2024-05-29T00:02:56Z"
685,"West Derbyshire",8,1707,84,"2023-03-29","2023-03-29","2023-05-19T11:18:22Z","2024-05-29T00:02:56Z"
687,"West Devon",8,1708,84,"2023-03-29","2023-03-29","2023-05-19T11:18:22Z","2024-05-29T00:02:56Z"
688,"West Dorset LJA",8,1789,84,"2023-03-29","2023-03-29","2023-05-19T11:18:22Z","2024-05-29T00:02:56Z"
689,"West Glamorgan Committee",13,1521,84,"2023-03-29","2023-03-29","2023-05-19T11:18:22Z","2024-05-29T00:02:56Z"
690,"West Glamorgan LJA",8,1746,84,"2023-03-29","2023-03-29","2023-05-19T11:18:22Z","2024-05-29T00:02:56Z"
691,"West Hampshire LJA",8,1725,84,"2023-03-29","2023-03-29","2023-05-19T11:18:22Z","2024-05-29T00:02:56Z"
692,"West Hampshire Sub Committee",12,1569,84,"2023-03-29","2023-03-29","2023-05-19T11:18:22Z","2024-05-29T00:02:56Z"
693,"West Lincolnshire LJA",8,1735,84,"2023-03-29","2023-03-29","2023-05-19T11:18:22Z","2024-05-29T00:02:56Z"
694,"West London LJA",8,1736,84,"2023-03-29","2023-03-29","2023-05-19T11:18:22Z","2024-05-29T00:02:56Z"
696,"West Mercia Committee",13,1743,84,"2023-03-29","2023-03-29","2023-05-19T11:18:22Z","2024-05-29T00:02:56Z"
697,"West Norfolk",8,1739,84,"2023-03-29","2023-03-29","2023-05-19T11:18:22Z","2024-05-29T00:02:56Z"
698,"West London Sub Committee",12,1543,84,"2023-03-29","2023-03-29","2023-05-19T11:18:22Z","2024-05-29T00:02:56Z"
700,"West Somerset L373",8,1835,84,"2023-03-29","2023-03-29","2023-05-19T11:18:22Z","2024-05-29T00:02:56Z"
701,"West Suffolk",8,1664,84,"2023-03-29","2023-03-29","2023-05-19T11:18:22Z","2024-07-13T00:02:36Z"
703,"West Wiltshire",8,1728,84,"2023-03-29","2023-03-29","2023-05-19T11:18:22Z","2024-05-29T00:02:56Z"
704,"West Yorkshire Committee",13,1544,84,"2023-03-29","2023-03-29","2023-05-19T11:18:22Z","2024-05-29T00:02:56Z"
705,"Weymouth and Portland Sub Committee",12,1797,84,"2023-03-29","2023-03-29","2023-05-19T11:18:22Z","2024-05-29T00:02:56Z"
706,"Weymouth and Portland",8,1789,84,"2023-03-29","2023-03-29","2023-05-19T11:18:22Z","2024-05-29T00:02:56Z"
707,"Whitehaven",8,1703,84,"2023-03-29","2023-03-29","2023-05-19T11:18:22Z","2024-05-29T00:02:56Z"
708,"Wigan and Leigh Committee",13,1879,84,"2023-03-29","2023-03-29","2023-05-19T11:18:22Z","2024-05-29T00:02:56Z"
709,"Wigan and Leigh LJA",8,1996,84,"2023-03-29","2023-03-29","2023-05-19T11:18:22Z","2024-05-29T00:02:56Z"
710,"Wiltshire Committee",13,1558,84,"2023-03-29","2023-03-29","2023-05-19T11:18:22Z","2024-05-29T00:02:56Z"
711,"Windsor",8,1940,84,"2023-03-29","2023-03-29","2023-05-19T11:18:23Z","2024-05-29T00:02:56Z"
712,"Wirral Committee",13,1737,84,"2023-03-29","2023-03-29","2023-05-19T11:18:23Z","2024-05-29T00:02:56Z"
713,"Wirral LJA",8,1840,84,"2023-03-29","2023-03-29","2023-05-19T11:18:23Z","2024-05-29T00:02:56Z"
715,"Wolds",8,1735,84,"2023-03-29","2023-03-29","2023-05-19T11:18:23Z","2024-05-29T00:02:56Z"
716,"Wolverhampton Committee",13,1564,84,"2023-03-29","2023-03-29","2023-05-19T11:18:23Z","2024-05-29T00:02:56Z"
717,"Wolverhampton",8,1692,84,"2023-03-29","2023-03-29","2023-05-19T11:18:23Z","2024-05-29T00:02:56Z"
718,"Worcester Sub Committee",12,1743,84,"2023-03-29","2023-03-29","2023-05-19T11:18:23Z","2024-05-29T00:02:56Z"
719,"Worcestershire LJA",8,1844,84,"2023-03-29","2023-03-29","2023-05-19T11:18:23Z","2024-05-29T00:02:56Z"
720,"Worksop and Retford",8,1749,84,"2023-03-29","2023-03-29","2023-05-19T11:18:23Z","2024-05-29T00:02:56Z"
721,"Worksop and Retford Sub Committee",12,1514,84,"2023-03-29","2023-03-29","2023-05-19T11:18:23Z","2024-05-29T00:02:56Z"
723,"Wrexham Maelor",8,1744,84,"2023-03-29","2023-03-29","2023-05-19T11:18:23Z","2024-05-29T00:02:56Z"
724,"Wycombe and Beaconsfield",8,1659,84,"2023-03-29","2023-03-29","2023-05-19T11:18:23Z","2024-05-29T00:02:56Z"
726,"Ynys Mon/Anglesey L128",8,1722,84,"2023-03-29","2023-03-29","2023-05-19T11:18:23Z","2024-05-29T00:02:56Z"
727,"Ynys Mon/Anglesey L380 LJA",8,1744,84,"2023-03-29","2023-03-29","2023-05-19T11:18:23Z","2024-05-29T00:02:56Z"
728,"York and Selby",8,1745,84,"2023-03-29","2023-03-29","2023-05-19T11:18:23Z","2024-05-29T00:02:56Z"
730,"Leicestershire and Rutland LJA",8,1733,84,"2023-03-29","2023-03-29","2023-05-19T11:18:23Z","2024-05-29T00:02:56Z"
731,"Cambridgeshire LJA",8,1693,84,"2023-03-29","2023-03-29","2023-05-19T11:18:23Z","2024-07-13T00:02:36Z"
732,"Lincolnshire LJA",8,1735,84,"2023-03-29","2023-03-29","2023-05-19T11:18:23Z","2024-05-29T00:02:56Z"
733,"Dorset LJA",8,1789,84,"2023-03-29","2023-03-29","2023-05-19T11:18:23Z","2024-05-29T00:02:56Z"
735,"Unknown Sub Committee S2",12,1566,84,"2023-03-29","2023-03-29","2023-05-19T11:18:23Z","2024-05-29T00:02:56Z"
736,"Kent Sub Committee",12,1557,84,"2023-03-29","2023-03-29","2023-05-19T11:18:23Z","2024-05-29T00:02:56Z"
737,"Unknown Sub Committee S3",12,1566,84,"2023-03-29","2023-03-29","2023-05-19T11:18:23Z","2024-05-29T00:02:56Z"
738,"Unknown Sub Committee S4",12,1566,84,"2023-03-29","2023-03-29","2023-05-19T11:18:23Z","2024-05-29T00:02:56Z"
739,"Lancashire No. 1",12,1554,84,"2023-03-29","2023-03-29","2023-05-19T11:18:23Z","2024-05-29T00:02:56Z"
740,"Unknown Sub Committee S5",12,1566,84,"2023-03-29","2023-03-29","2023-05-19T11:18:23Z","2024-05-29T00:02:56Z"
741,"City of London Sub Committee S6",12,1656,84,"2023-03-29","2023-03-29","2023-05-19T11:18:23Z","2024-05-29T00:02:56Z"
742,"Unknown Sub Committee S9",12,1566,84,"2023-03-29","2023-03-29","2023-05-19T11:18:23Z","2024-05-29T00:02:56Z"
743,"Unknown Sub Committee S94",12,1566,84,"2023-03-29","2023-03-29","2023-05-19T11:18:23Z","2024-05-29T00:02:56Z"
744,"City of Westminster Sub committee",12,1695,84,"2023-03-29","2023-03-29","2023-05-19T11:18:23Z","2024-05-29T00:02:56Z"
746,"North and West Yorkshire Committee",13,1536,84,"2023-03-29","2023-03-29","2023-05-19T11:18:23Z","2024-05-29T00:02:56Z"
747,"Royal Courts of Justice - High Court - Chancery",2,1482,30,"2023-03-30",,"2023-05-19T11:18:23Z","2024-05-29T00:02:56Z"
748,"Royal Courts of Justice - High Court - Family",2,1482,30,"2023-03-30",,"2023-05-19T11:18:23Z","2024-05-29T00:02:56Z"
749,"Royal Courts of Justice - High Court - KB",2,1482,30,"2023-03-30",,"2023-05-19T11:18:23Z","2024-05-29T00:02:56Z"
750,"Royal Courts of Justice - Court of Appeal",2,1482,30,"2023-03-30",,"2023-05-19T11:18:23Z","2024-05-29T00:02:56Z"
751,"Blackfriars Crown Court",2,1482,30,"2023-03-29","2023-03-29","2023-05-19T11:18:23Z","2024-05-29T00:02:56Z"
752,"Central Criminal Court",2,1482,30,"2023-03-30",,"2023-05-19T11:18:23Z","2024-05-29T00:02:56Z"
753,"Croydon Crown Court",2,1482,30,"2023-03-30",,"2023-05-19T11:18:23Z","2024-05-29T00:02:56Z"
754,"Harrow Crown Court",2,1482,30,"2023-03-30",,"2023-05-19T11:18:23Z","2024-05-29T00:02:56Z"
755,"Inner London Crown Court",2,1482,30,"2023-03-30",,"2023-05-19T11:18:23Z","2024-05-29T00:02:56Z"
756,"Isleworth Crown Court",2,1482,30,"2023-03-30",,"2023-05-19T11:18:23Z","2024-05-29T00:02:56Z"
757,"Kingston upon Thames Crown Court",2,1482,30,"2023-03-30",,"2023-05-19T11:18:23Z","2024-05-29T00:02:56Z"
758,"Snaresbrook Crown Court",2,1482,30,"2023-03-30",,"2023-05-19T11:18:23Z","2024-05-29T00:02:56Z"
759,"Southwark Crown Court",2,1482,30,"2023-03-30",,"2023-05-19T11:18:23Z","2024-05-29T00:02:56Z"
760,"Wood Green Crown Court",2,1482,30,"2023-03-30",,"2023-05-19T11:18:23Z","2024-05-29T00:02:56Z"
761,"Woolwich Crown Court",2,1482,30,"2023-03-30",,"2023-05-19T11:18:23Z","2024-05-29T00:02:56Z"
762,"Barnet County Court",2,1482,30,"2023-03-30",,"2023-05-19T11:18:23Z","2024-05-29T00:02:56Z"
763,"Bow County Court",2,1482,30,"2023-03-29","2023-03-29","2023-05-19T11:18:23Z","2024-05-29T00:02:56Z"
764,"Brentford County Court",2,1482,30,"2023-03-30",,"2023-05-19T11:18:23Z","2024-05-29T00:02:56Z"
765,"Bromley County Court",2,1482,30,"2023-03-30",,"2023-05-19T11:18:23Z","2024-05-29T00:02:56Z"
766,"Central Family Court",2,1482,30,"2023-03-30",,"2023-05-19T11:18:23Z","2024-05-29T00:02:56Z"
767,"Central London County Court",2,1482,30,"2023-03-30",,"2023-05-19T11:18:23Z","2024-05-29T00:02:56Z"
768,"Court of Protection",2,1482,30,"2023-03-30",,"2023-05-19T11:18:23Z","2024-05-29T00:02:56Z"
769,"Clerkenwell and Shoreditch County Court",2,1482,30,"2023-03-30",,"2023-05-19T11:18:23Z","2024-05-29T00:02:56Z"
770,"Croydon County Court",2,1482,30,"2023-03-30",,"2023-05-19T11:18:23Z","2024-05-29T00:02:56Z"
771,"East London Family Court",2,1482,30,"2023-03-30",,"2023-05-19T11:18:23Z","2024-05-29T00:02:56Z"
772,"Edmonton County Court",2,1482,30,"2023-03-30",,"2023-05-19T11:18:23Z","2024-05-29T00:02:57Z"
773,"Kingston upon Thames County Court",2,1482,30,"2023-03-30",,"2023-05-19T11:18:23Z","2024-05-29T00:02:57Z"
774,"Lambeth County Court",2,1482,30,"2023-03-29","2023-03-29","2023-05-19T11:18:23Z","2024-05-29T00:02:57Z"
775,"Mayor's and City of London Court",2,1482,30,"2023-03-30",,"2023-05-19T11:18:23Z","2024-05-29T00:02:57Z"
776,"Romford County Court",2,1482,30,"2023-03-30",,"2023-05-19T11:18:23Z","2024-05-29T00:02:57Z"
777,"Uxbridge County Court",2,1482,30,"2023-03-30",,"2023-05-19T11:18:23Z","2024-05-29T00:02:57Z"
778,"Wandsworth County Court",2,1482,30,"2023-03-30",,"2023-05-19T11:18:23Z","2024-05-29T00:02:57Z"
779,"West London County Court",2,1482,30,"2023-03-30","2023-09-11","2023-05-19T11:18:23Z","2024-05-29T00:02:57Z"
780,"West London Family Court",2,1482,30,"2023-03-30",,"2023-05-19T11:18:23Z","2024-05-29T00:02:57Z"
781,"Willesden County Court",2,1482,30,"2023-03-30",,"2023-05-19T11:18:23Z","2024-05-29T00:02:57Z"
783,"Aylesbury Crown Court",2,1886,30,"2023-03-30",,"2023-05-19T11:18:23Z","2024-05-29T00:02:57Z"
784,"Basildon Crown Court",2,1886,30,"2023-03-30",,"2023-05-19T11:18:23Z","2024-05-29T00:02:57Z"
785,"Cambridge Crown Court",2,1886,30,"2023-03-30",,"2023-05-19T11:18:23Z","2024-05-29T00:02:57Z"
786,"Canterbury Crown Court",2,1886,30,"2023-03-30",,"2023-05-19T11:18:23Z","2024-05-29T00:02:57Z"
787,"Chelmsford Crown Court",2,1886,30,"2023-03-30",,"2023-05-19T11:18:23Z","2024-05-29T00:02:57Z"
788,"Chichester Crown Court",2,1886,30,"2023-03-29","2023-03-29","2023-05-19T11:18:23Z","2024-05-29T00:02:57Z"
789,"Guildford Crown Court",2,1886,30,"2023-03-30",,"2023-05-19T11:18:23Z","2024-05-29T00:02:57Z"
790,"Ipswich Crown Court",2,1886,30,"2023-03-30",,"2023-05-19T11:18:23Z","2024-05-29T00:02:57Z"
791,"Lewes Crown Court",2,1886,30,"2023-03-30",,"2023-05-19T11:18:23Z","2024-05-29T00:02:57Z"
792,"Luton Crown Court",2,1886,30,"2023-03-30",,"2023-05-19T11:18:23Z","2024-05-29T00:02:57Z"
793,"Maidstone Crown Court",2,1886,30,"2023-03-30",,"2023-05-19T11:18:23Z","2024-05-29T00:02:57Z"
794,"Norwich Crown Court",2,1886,30,"2023-03-30",,"2023-05-19T11:18:23Z","2024-05-29T00:02:57Z"
795,"Oxford Crown Court",2,1886,30,"2023-03-30",,"2023-05-19T11:18:23Z","2024-05-29T00:02:57Z"
796,"Peterborough Crown Court",2,1886,30,"2023-03-30",,"2023-05-19T11:18:23Z","2024-05-29T00:02:57Z"
797,"Reading Crown Court",2,1886,30,"2023-03-30",,"2023-05-19T11:18:23Z","2024-05-29T00:02:57Z"
798,"St Albans Crown Court",2,1886,30,"2023-03-30",,"2023-05-19T11:18:23Z","2024-05-29T00:02:57Z"
801,"Banbury Family Court",2,1886,30,"2023-03-30",,"2023-05-19T11:18:23Z","2024-05-29T00:02:57Z"
802,"Basildon County Court",2,1886,30,"2023-03-30",,"2023-05-19T11:18:23Z","2024-05-29T00:02:57Z"
803,"Bedford County Court",2,1886,30,"2023-03-30",,"2023-05-19T11:18:23Z","2024-05-29T00:02:57Z"
804,"Brighton County Court",2,1886,30,"2023-03-30",,"2023-05-19T11:18:23Z","2024-05-29T00:02:57Z"
805,"Brighton Family Centre",2,1886,30,"2023-03-30",,"2023-05-19T11:18:23Z","2024-05-29T00:02:57Z"
806,"Bury St Edmunds County Court",2,1886,30,"2023-03-30",,"2023-05-19T11:18:23Z","2024-05-29T00:02:57Z"
807,"Cambridge County Court",2,1886,30,"2023-03-30",,"2023-05-19T11:18:23Z","2024-05-29T00:02:57Z"
808,"Canterbury County Court",2,1886,30,"2023-03-30",,"2023-05-19T11:18:23Z","2024-05-29T00:02:57Z"
809,"Chelmsford County Court",2,1886,30,"2023-03-30",,"2023-05-19T11:18:23Z","2024-05-29T00:02:57Z"
812,"Dartford County Court",2,1886,30,"2023-03-30",,"2023-05-19T11:18:23Z","2024-05-29T00:02:57Z"
813,"Eastbourne County Court",2,1886,30,"2023-03-29","2023-03-29","2023-05-19T11:18:23Z","2024-05-29T00:02:57Z"
815,"Guildford County Court",2,1886,30,"2023-03-30",,"2023-05-19T11:18:23Z","2024-05-29T00:02:57Z"
816,"Hastings County Court",2,1886,30,"2023-03-30",,"2023-05-19T11:18:23Z","2024-05-29T00:02:57Z"
817,"Hertford County Court",2,1886,30,"2023-03-30",,"2023-05-19T11:18:23Z","2024-05-29T00:02:57Z"
818,"High Wycombe County Court",2,1886,30,"2023-03-30",,"2023-05-19T11:18:23Z","2024-05-29T00:02:57Z"
819,"Horsham County Court",2,1886,30,"2023-03-30",,"2023-05-19T11:18:23Z","2024-05-29T00:02:57Z"
820,"Ipswich County Court",2,1886,30,"2023-03-30",,"2023-05-19T11:18:23Z","2024-05-29T00:02:57Z"
822,"Lewes County Court",2,1886,30,"2023-03-30",,"2023-05-19T11:18:23Z","2024-05-29T00:02:57Z"
825,"Luton County Court",2,1886,30,"2023-03-30",,"2023-05-19T11:18:23Z","2024-05-29T00:02:57Z"
826,"Maidstone County Court",2,1886,30,"2023-03-30",,"2023-05-19T11:18:23Z","2024-05-29T00:02:57Z"
827,"Medway County Court",2,1886,30,"2023-03-30",,"2023-05-19T11:18:23Z","2024-05-29T00:02:57Z"
828,"Milton Keynes County Court",2,1886,30,"2023-03-30",,"2023-05-19T11:18:23Z","2024-05-29T00:02:57Z"
829,"Norwich County Court",2,1886,30,"2023-03-30",,"2023-05-19T11:18:23Z","2024-05-29T00:02:57Z"
830,"Oxford County Court",2,1886,30,"2023-03-30",,"2023-05-19T11:18:23Z","2024-05-29T00:02:57Z"
831,"Peterborough County Court",2,1886,30,"2023-03-30",,"2023-05-19T11:18:23Z","2024-05-29T00:02:57Z"
832,"Reading County Court",2,1886,30,"2023-03-30",,"2023-05-19T11:18:23Z","2024-05-29T00:02:57Z"
833,"Reigate County Court",2,1886,30,"2023-03-29","2023-03-29","2023-05-19T11:18:23Z","2024-05-29T00:02:57Z"
834,"Slough County Court",2,1886,30,"2023-03-30",,"2023-05-19T11:18:23Z","2024-05-29T00:02:57Z"
835,"Southend County Court",2,1886,30,"2023-03-30",,"2023-05-19T11:18:23Z","2024-05-29T00:02:57Z"
836,"Staines County Court",2,1886,30,"2023-03-30",,"2023-05-19T11:18:23Z","2024-05-29T00:02:57Z"
837,"St Albans County Court",2,1886,30,"2023-03-29","2023-03-29","2023-05-19T11:18:23Z","2024-05-29T00:02:57Z"
838,"Thanet County Court",2,1886,30,"2023-03-30",,"2023-05-19T11:18:23Z","2024-05-29T00:02:57Z"
839,"Tunbridge Well County Court",2,1886,30,"2023-03-29","2023-03-29","2023-05-19T11:18:23Z","2024-05-29T00:02:57Z"
840,"Watford County Court",2,1886,30,"2023-03-30",,"2023-05-19T11:18:23Z","2024-05-29T00:02:57Z"
841,"Worthing County Court",2,1886,30,"2023-03-30",,"2023-05-19T11:18:23Z","2024-05-29T00:02:57Z"
842,"Bath County Court",2,1913,30,"2023-03-30",,"2023-05-19T11:18:23Z","2024-05-29T00:02:57Z"
843,"Bristol County Court",2,1913,30,"2023-03-30",,"2023-05-19T11:18:23Z","2024-05-29T00:02:57Z"
844,"Bristol Crown Court",2,1913,30,"2023-03-30",,"2023-05-19T11:18:23Z","2024-05-29T00:02:57Z"
845,"Gloucester and Cheltenham County Court",2,1913,30,"2023-03-30",,"2023-05-19T11:18:23Z","2024-05-29T00:02:57Z"
846,"Gloucester Crown Court",2,1913,30,"2023-03-30",,"2023-05-19T11:18:23Z","2024-05-29T00:02:57Z"
847,"Taunton County Court",2,1913,30,"2023-03-30",,"2023-05-19T11:18:23Z","2024-05-29T00:02:57Z"
848,"Taunton Crown Court",2,1913,30,"2023-03-30",,"2023-05-19T11:18:23Z","2024-05-29T00:02:57Z"
849,"Weston-super-Mare County Court",2,1913,30,"2023-03-30",,"2023-05-19T11:18:23Z","2024-05-29T00:02:57Z"
850,"Yeovil County Court",2,1913,30,"2023-03-30",,"2023-05-19T11:18:23Z","2024-05-29T00:02:57Z"
853,"Bodmin County Court",2,1913,30,"2023-03-30",,"2023-05-19T11:18:23Z","2024-05-29T00:02:57Z"
854,"Bournemouth Combined Court- Crown",2,1913,30,"2023-03-30",,"2023-05-19T11:18:23Z","2024-05-29T00:02:57Z"
855,"Bournemouth Combined Court- County",2,1913,30,"2023-03-30",,"2023-05-19T11:18:23Z","2024-05-29T00:02:57Z"
859,"Exeter Combined Court - Crown",2,1913,30,"2023-03-30","2023-09-11","2023-05-19T11:18:23Z","2024-05-29T00:02:57Z"
860,"Exeter Combined Court - County",2,1913,30,"2023-03-30","2023-09-11","2023-05-19T11:18:23Z","2024-05-29T00:02:57Z"
861,"Plymouth Combined Court - Crown",2,1913,30,"2023-03-30",,"2023-05-19T11:18:23Z","2024-05-29T00:02:57Z"
862,"Plymouth Combined Court - County",2,1913,30,"2023-03-30",,"2023-05-19T11:18:23Z","2024-05-29T00:02:57Z"
863,"Torquay and Newton Abbot County Court",2,1913,30,"2023-03-30",,"2023-05-19T11:18:23Z","2024-05-29T00:02:57Z"
864,"Truro Combined Court - Crown",2,1913,30,"2023-03-30",,"2023-05-19T11:18:23Z","2024-05-29T00:02:57Z"
865,"Truro Combined Court - County",2,1913,30,"2023-03-30",,"2023-05-19T11:18:23Z","2024-05-29T00:02:57Z"
866,"Aldershot and Farnham County Court",2,1913,30,"2023-03-29","2023-03-29","2023-05-19T11:18:23Z","2024-05-29T00:02:57Z"
868,"Basingstoke County Court",2,1913,30,"2023-03-30",,"2023-05-19T11:18:23Z","2024-05-29T00:02:57Z"
869,"Chippenham & Trowbridge Law Courts - County",2,1913,30,"2023-03-29","2023-03-29","2023-05-19T11:18:23Z","2024-05-29T00:02:57Z"
873,"Portsmouth Combined Court - Crown",2,1913,30,"2023-03-30",,"2023-05-19T11:18:23Z","2024-05-29T00:02:57Z"
874,"Portsmouth Combined Court - County",2,1913,30,"2023-03-30",,"2023-05-19T11:18:23Z","2024-05-29T00:02:57Z"
876,"Salisbury Combined Court - County",2,1913,30,"2023-03-30",,"2023-05-19T11:18:23Z","2024-05-29T00:02:57Z"
877,"Southampton Combined Court - Crown",2,1913,30,"2023-03-30",,"2023-05-19T11:18:23Z","2024-05-29T00:02:57Z"
878,"Southampton Combined Court - County",2,1913,30,"2023-03-30",,"2023-05-19T11:18:23Z","2024-05-29T00:02:57Z"
879,"Swindon Combined Court - Crown",2,1913,30,"2023-03-30",,"2023-05-19T11:18:23Z","2024-05-29T00:02:57Z"
880,"Swindon Combined Court - County",2,1913,30,"2023-03-30",,"2023-05-19T11:18:23Z","2024-05-29T00:02:57Z"
881,"Winchester Combined Court - Crown",2,1913,30,"2023-03-30",,"2023-05-19T11:18:23Z","2024-05-29T00:02:57Z"
882,"Winchester Combined Court - County",2,1913,30,"2023-03-30",,"2023-05-19T11:18:23Z","2024-05-29T00:02:57Z"
884,"Chesterfield County Court",2,1665,30,"2023-03-30",,"2023-05-19T11:18:23Z","2024-05-29T00:02:57Z"
885,"Derby Combined Court - County",2,1665,30,"2023-03-30",,"2023-05-19T11:18:23Z","2024-05-29T00:02:57Z"
886,"Derby Combined Court - Crown",2,1665,30,"2023-03-30",,"2023-05-19T11:18:23Z","2024-05-29T00:02:57Z"
888,"Nottingham County Court",2,1665,30,"2023-03-30",,"2023-05-19T11:18:23Z","2024-05-29T00:02:57Z"
889,"Nottingham Crown Court",2,1665,30,"2023-03-30",,"2023-05-19T11:18:23Z","2024-05-29T00:02:57Z"
892,"Leicester County Court",2,1665,30,"2023-03-30",,"2023-05-19T11:18:23Z","2024-05-29T00:02:57Z"
893,"Leicester Crown Court",2,1665,30,"2023-03-30",,"2023-05-19T11:18:23Z","2024-05-29T00:02:57Z"
894,"Lincoln County Court",2,1665,30,"2023-03-30",,"2023-05-19T11:18:23Z","2024-05-29T00:02:57Z"
895,"Lincoln Crown Court",2,1665,30,"2023-03-30",,"2023-05-19T11:18:23Z","2024-05-29T00:02:57Z"
896,"Northampton Combined Court - Crown",2,1665,30,"2023-03-30",,"2023-05-19T11:18:23Z","2024-05-29T00:02:57Z"
897,"Northampton Combined Court - County",2,1665,30,"2023-03-30",,"2023-05-19T11:18:23Z","2024-05-29T00:02:57Z"
898,"Hereford County Court",2,1665,30,"2023-03-30",,"2023-05-19T11:18:23Z","2024-05-29T00:02:57Z"
899,"Shrewsbury Crown Court",2,1665,30,"2023-03-30",,"2023-05-19T11:18:23Z","2024-05-29T00:02:57Z"
900,"Stafford Combined Court - Crown",2,1665,30,"2023-03-30",,"2023-05-19T11:18:23Z","2024-05-29T00:02:57Z"
901,"Stafford Combined Court - County",2,1665,30,"2023-03-30",,"2023-05-19T11:18:23Z","2024-05-29T00:02:57Z"
902,"Stoke-on-Trent Combined Court - County",2,1665,30,"2023-03-30",,"2023-05-19T11:18:23Z","2024-05-29T00:02:57Z"
903,"Stoke-on-Trent Combined Court - Crown",2,1665,30,"2023-03-30",,"2023-05-19T11:18:23Z","2024-05-29T00:02:57Z"
904,"Telford County Court",2,1665,30,"2023-03-30",,"2023-05-19T11:18:23Z","2024-05-29T00:02:57Z"
905,"Worcester Combined Court - Crown",2,1665,30,"2023-03-30",,"2023-05-19T11:18:23Z","2024-05-29T00:02:57Z"
906,"Worcester Combined Court - County",2,1665,30,"2023-03-30",,"2023-05-19T11:18:23Z","2024-05-29T00:02:57Z"
907,"Birmingham Crown Court",2,1665,30,"2023-03-30",,"2023-05-19T11:18:23Z","2024-05-29T00:02:57Z"
908,"Birmingham Civil & Family Justice Centre - Family",2,1665,30,"2023-03-30",,"2023-05-19T11:18:23Z","2024-05-29T00:02:57Z"
909,"Birmingham Civil & Family Justice Centre - County",2,1665,30,"2023-03-30",,"2023-05-19T11:18:23Z","2024-05-29T00:02:57Z"
910,"Coventry Combined Court - Crown",2,1665,30,"2023-03-30",,"2023-05-19T11:18:23Z","2024-05-29T00:02:57Z"
911,"Coventry Combined Court - County",2,1665,30,"2023-03-30",,"2023-05-19T11:18:23Z","2024-05-29T00:02:57Z"
912,"Dudley County Court",2,1665,30,"2023-03-30",,"2023-05-19T11:18:23Z","2024-05-29T00:02:57Z"
913,"Nuneaton County Court",2,1665,30,"2023-03-30",,"2023-05-19T11:18:23Z","2024-05-29T00:02:57Z"
914,"Walsall County Court",2,1665,30,"2023-03-30",,"2023-05-19T11:18:23Z","2024-05-29T00:02:57Z"
915,"Warwick Combined Court - Crown",2,1665,30,"2023-03-30",,"2023-05-19T11:18:23Z","2024-05-29T00:02:57Z"
916,"Warwick Combined Court - County",2,1665,30,"2023-03-30",,"2023-05-19T11:18:23Z","2024-05-29T00:02:57Z"
917,"Wolverhampton Combined Court - Crown",2,1665,30,"2023-03-30",,"2023-05-19T11:18:23Z","2024-05-29T00:02:57Z"
918,"Wolverhampton Combined Court - County",2,1665,30,"2023-03-30",,"2023-05-19T11:18:23Z","2024-05-29T00:02:57Z"
919,"Barnsley County Court",2,1781,30,"2023-03-30",,"2023-05-19T11:18:23Z","2024-05-29T00:02:57Z"
920,"Bradford Combined Court - Crown",2,1781,30,"2023-03-30",,"2023-05-19T11:18:23Z","2024-05-29T00:02:57Z"
921,"Bradford Combined Court - County",2,1781,30,"2023-03-30",,"2023-05-19T11:18:23Z","2024-05-29T00:02:57Z"
923,"Doncaster County Court",2,1781,30,"2023-03-29","2023-03-29","2023-05-19T11:18:23Z","2024-05-29T00:02:57Z"
925,"Doncaster Crown Court",2,1781,30,"2023-03-30",,"2023-05-19T11:18:23Z","2024-05-29T00:02:57Z"
926,"Durham County Court",2,1781,30,"2023-03-30",,"2023-05-19T11:18:23Z","2024-05-29T00:02:57Z"
928,"Durham Crown Court",2,1781,30,"2023-03-30",,"2023-05-19T11:18:23Z","2024-05-29T00:02:57Z"
929,"Gateshead County Court",2,1781,30,"2023-03-30",,"2023-05-19T11:18:23Z","2024-05-29T00:02:57Z"
930,"Great Grimsby Combined Court - Crown",2,1781,30,"2023-03-30",,"2023-05-19T11:18:23Z","2024-05-29T00:02:57Z"
931,"Great Grimsby Combined Court - County",2,1781,30,"2023-03-30",,"2023-05-19T11:18:23Z","2024-05-29T00:02:57Z"
932,"Halifax County Court",2,1781,30,"2023-03-29","2023-03-29","2023-05-19T11:18:23Z","2024-05-29T00:02:57Z"
933,"Harrogate County Court",2,1781,30,"2023-03-30",,"2023-05-19T11:18:23Z","2024-05-29T00:02:57Z"
935,"Huddersfield County Court",2,1781,30,"2023-03-30",,"2023-05-19T11:18:23Z","2024-05-29T00:02:57Z"
936,"Kingston-upon-Hull Combined Court - Crown",2,1781,30,"2023-03-30",,"2023-05-19T11:18:23Z","2024-05-29T00:02:57Z"
937,"Kingston-upon-Hull Combined Court - County",2,1781,30,"2023-03-30",,"2023-05-19T11:18:23Z","2024-05-29T00:02:57Z"
938,"Leeds Combined Court - Crown",2,1781,30,"2023-03-30",,"2023-05-19T11:18:23Z","2024-05-29T00:02:57Z"
939,"Leeds Combined Court - County",2,1781,30,"2023-03-30",,"2023-05-19T11:18:23Z","2024-05-29T00:02:57Z"
940,"Morpeth County Court",2,1781,30,"2023-03-29","2023-03-29","2023-05-19T11:18:23Z","2024-05-29T00:02:57Z"
941,"Newcastle Combined Court - Crown",2,1781,30,"2023-03-30",,"2023-05-19T11:18:23Z","2024-05-29T00:02:57Z"
942,"Newcastle Combined Court - County",2,1781,30,"2023-03-30",,"2023-05-19T11:18:23Z","2024-05-29T00:02:57Z"
946,"Rotherham County Court",2,1781,30,"2023-03-29","2023-03-29","2023-05-19T11:18:23Z","2024-05-29T00:02:57Z"
947,"Scarborough County Court",2,1781,30,"2023-03-30",,"2023-05-19T11:18:23Z","2024-05-29T00:02:57Z"
948,"Scunthorpe County Court",2,1781,30,"2023-03-29","2023-03-29","2023-05-19T11:18:23Z","2024-05-29T00:02:57Z"
949,"Sheffield Combined Court - Crown",2,1781,30,"2023-03-30",,"2023-05-19T11:18:23Z","2024-05-29T00:02:57Z"
950,"Sheffield Combined Court - County",2,1781,30,"2023-03-30",,"2023-05-19T11:18:23Z","2024-05-29T00:02:57Z"
951,"Skipton County Court",2,1781,30,"2023-03-30",,"2023-05-19T11:18:24Z","2024-05-29T00:02:57Z"
953,"Sunderland County Court",2,1781,30,"2023-03-30",,"2023-05-19T11:18:24Z","2024-05-29T00:02:57Z"
954,"Teesside Combined Court - Crown",2,1781,30,"2023-03-30",,"2023-05-19T11:18:24Z","2024-05-29T00:02:57Z"
955,"Teesside Combined Court - County",2,1781,30,"2023-03-30",,"2023-05-19T11:18:24Z","2024-05-29T00:02:57Z"
956,"Wakefield County Court",2,1781,30,"2023-03-30",,"2023-05-19T11:18:24Z","2024-05-29T00:02:57Z"
957,"York County Court",2,1781,30,"2023-03-30",,"2023-05-19T11:18:24Z","2024-05-29T00:02:57Z"
958,"York Crown Court",2,1781,30,"2023-03-30",,"2023-05-19T11:18:24Z","2024-05-29T00:02:57Z"
960,"Altrincham County Court",2,1832,30,"2023-03-29","2023-03-29","2023-05-19T11:18:24Z","2024-05-29T00:02:57Z"
961,"Barrow-in-Furness County Court",2,1832,30,"2023-03-30",,"2023-05-19T11:18:24Z","2024-05-29T00:02:58Z"
962,"Birkenhead County Court",2,1832,30,"2023-03-30",,"2023-05-19T11:18:24Z","2024-05-29T00:02:58Z"
963,"Blackburn County Court",2,1832,30,"2023-03-30",,"2023-05-19T11:18:24Z","2024-05-29T00:02:58Z"
964,"Blackpool County Court",2,1832,30,"2023-03-30",,"2023-05-19T11:18:24Z","2024-05-29T00:02:58Z"
965,"Bolton Combined Court - Crown",2,1832,30,"2023-03-30",,"2023-05-19T11:18:24Z","2024-05-29T00:02:58Z"
966,"Bolton Combined Court - County",2,1832,30,"2023-03-29","2023-03-29","2023-05-19T11:18:24Z","2024-05-29T00:02:58Z"
967,"Burnley Combined Court - Crown",2,1832,30,"2023-03-30",,"2023-05-19T11:18:24Z","2024-05-29T00:02:58Z"
968,"Burnley Combined Court - County",2,1832,30,"2023-03-30",,"2023-05-19T11:18:24Z","2024-05-29T00:02:58Z"
969,"Bury County Court",2,1832,30,"2023-03-29","2023-03-29","2023-05-19T11:18:24Z","2024-05-29T00:02:58Z"
970,"Carlisle Combined Court - County",2,1832,30,"2023-03-30",,"2023-05-19T11:18:24Z","2024-05-29T00:02:58Z"
971,"Carlisle Combined Court - Crown",2,1832,30,"2023-03-30",,"2023-05-19T11:18:24Z","2024-05-29T00:02:58Z"
972,"Chester County Court",2,1832,30,"2023-03-30",,"2023-05-19T11:18:24Z","2024-05-29T00:02:58Z"
973,"Crewe County Court",2,1832,30,"2023-03-30",,"2023-05-19T11:18:24Z","2024-05-29T00:02:58Z"
975,"Lancaster County Court",2,1832,30,"2023-03-30",,"2023-05-19T11:18:24Z","2024-05-29T00:02:58Z"
976,"Liverpool County Court",2,1832,30,"2023-03-30",,"2023-05-19T11:18:24Z","2024-05-29T00:02:58Z"
977,"Macclesfield County Court",2,1832,30,"2023-03-29","2023-03-29","2023-05-19T11:18:24Z","2024-05-29T00:02:58Z"
978,"Manchester County Court",2,1832,30,"2023-03-30",,"2023-05-19T11:18:24Z","2024-05-29T00:02:58Z"
979,"Oldham County Court",2,1832,30,"2023-03-29","2023-03-29","2023-05-19T11:18:24Z","2024-05-29T00:02:58Z"
980,"Preston Combined Court - County",2,1832,30,"2023-03-30",,"2023-05-19T11:18:24Z","2024-05-29T00:02:58Z"
981,"Preston Combined Court - Crown",2,1832,30,"2023-03-30",,"2023-05-19T11:18:24Z","2024-05-29T00:02:58Z"
982,"St Helens County Court",2,1832,30,"2023-03-30",,"2023-05-19T11:18:24Z","2024-05-29T00:02:58Z"
983,"Stockport County Court",2,1832,30,"2023-03-30",,"2023-05-19T11:18:24Z","2024-05-29T00:02:58Z"
984,"Tameside County Court",2,1832,30,"2023-03-30",,"2023-05-19T11:18:24Z","2024-05-29T00:02:58Z"
985,"Warrington County Court",2,1832,30,"2023-03-30",,"2023-05-19T11:18:24Z","2024-05-29T00:02:58Z"
987,"West Cumbria County Court",2,1832,30,"2023-03-30",,"2023-05-19T11:18:24Z","2024-05-29T00:02:58Z"
988,"Wigan County Court",2,1832,30,"2023-03-30",,"2023-05-19T11:18:24Z","2024-05-29T00:02:58Z"
989,"Chester Crown Court",2,1832,30,"2023-03-30",,"2023-05-19T11:18:24Z","2024-05-29T00:02:58Z"
990,"Liverpool Crown Court",2,1832,30,"2023-03-30",,"2023-05-19T11:18:24Z","2024-05-29T00:02:58Z"
991,"Manchester Crown Square Crown Court",2,1832,30,"2023-03-30",,"2023-05-19T11:18:24Z","2024-05-29T00:02:58Z"
992,"Manchester Minshull Street Crown Court",2,1832,30,"2023-03-30",,"2023-05-19T11:18:24Z","2024-05-29T00:02:58Z"
994,"Aberystwyth Justice Centre - County",2,1970,30,"2023-03-30",,"2023-05-19T11:18:24Z","2024-05-29T00:02:58Z"
995,"Blackwood Civil and Family Centre - County",2,1970,30,"2023-03-30",,"2023-05-19T11:18:24Z","2024-05-29T00:02:58Z"
998,"Bridgend Law Courts County",2,1970,30,"2023-03-29","2023-03-29","2023-05-19T11:18:24Z","2024-05-29T00:02:58Z"
999,"Caernarfon County Court",2,1970,30,"2023-03-30",,"2023-05-19T11:18:24Z","2024-05-29T00:02:58Z"
1000,"Caernarfon Criminal Justice Centre - Crown",2,1970,30,"2023-03-30",,"2023-05-19T11:18:24Z","2024-05-29T00:02:58Z"
1001,"Cardiff Civil Justice Centre - County",2,1970,30,"2023-03-30",,"2023-05-19T11:18:24Z","2024-05-29T00:02:58Z"
1002,"Cardiff Civil Justice Centre - Family",2,1970,30,"2023-03-30",,"2023-05-19T11:18:24Z","2024-05-29T00:02:58Z"
1003,"Cardiff Crown Court",2,1970,30,"2023-03-30",,"2023-05-19T11:18:24Z","2024-05-29T00:02:58Z"
1004,"Carmarthen County Court",2,1970,30,"2023-03-30",,"2023-05-19T11:18:24Z","2024-05-29T00:02:58Z"
1008,"Haverfordwest County Court",2,1970,30,"2023-03-30",,"2023-05-19T11:18:24Z","2024-05-29T00:02:58Z"
1010,"Llanelli County Court",2,1970,30,"2023-03-30",,"2023-05-19T11:18:24Z","2024-05-29T00:02:58Z"
1011,"Llangefni County Court",2,1970,30,"2023-03-29","2023-03-29","2023-05-19T11:18:24Z","2024-05-29T00:02:58Z"
1013,"Merthyr Tydfil Combined Court - County",2,1970,30,"2023-03-30",,"2023-05-19T11:18:24Z","2024-05-29T00:02:58Z"
1014,"Mold Law Courts - Crown",2,1970,30,"2023-03-30",,"2023-05-19T11:18:24Z","2024-05-29T00:02:58Z"
1015,"Mold Law Courts - County",2,1970,30,"2023-03-30",,"2023-05-19T11:18:24Z","2024-05-29T00:02:58Z"
1017,"Newport Civil and Family Court - County",2,1970,30,"2023-03-30",,"2023-05-19T11:18:24Z","2024-05-29T00:02:58Z"
1018,"Newport Civil and Family Court - Family",2,1970,30,"2023-03-30",,"2023-05-19T11:18:24Z","2024-05-29T00:02:58Z"
1020,"Pontypridd County Court",2,1970,30,"2023-03-30",,"2023-05-19T11:18:24Z","2024-05-29T00:02:58Z"
1021,"Port Talbot Justice Centre - Family",2,1970,30,"2023-03-30",,"2023-05-19T11:18:24Z","2024-05-29T00:02:58Z"
1023,"Swansea Civil Justice Centre - County",2,1970,30,"2023-03-30",,"2023-05-19T11:18:24Z","2024-05-29T00:02:58Z"
1025,"Swansea Crown Court",2,1970,30,"2023-03-30",,"2023-05-19T11:18:24Z","2024-05-29T00:02:58Z"
1026,"Welshpool County Court",2,1970,30,"2023-03-30",,"2023-05-19T11:18:24Z","2024-05-29T00:02:58Z"
1027,"Wrexham Law Courts - County",2,1970,30,"2023-03-30",,"2023-05-19T11:18:24Z","2024-05-29T00:02:58Z"
1028,"General Regulatory Chamber",4,1504,34,"2023-03-30",,"2023-05-19T11:18:24Z","2024-05-29T00:02:58Z"
1029,"Health Education and Social Care Chamber",4,1504,34,"2023-03-30",,"2023-05-19T11:18:24Z","2024-05-29T00:02:58Z"
1030,"Immigration and Asylum Chamber",4,1504,34,"2023-03-30",,"2023-05-19T11:18:24Z","2024-05-29T00:02:58Z"
1031,"Property Chamber",4,1504,34,"2023-03-30",,"2023-05-19T11:18:24Z","2024-05-29T00:02:58Z"
1032,"Social Entitlement Chamber",4,1504,34,"2023-03-30",,"2023-05-19T11:18:24Z","2024-05-29T00:02:58Z"
1033,"Tax Chamber",4,1504,34,"2023-03-30",,"2023-05-19T11:18:24Z","2024-05-29T00:02:58Z"
1034,"War Pensions & Armed Forces Compensation Chamber",4,1504,34,"2023-03-30",,"2023-05-19T11:18:24Z","2024-05-29T00:02:58Z"
1035,"Employment Appeal Tribunal",4,1675,34,"2023-03-30",,"2023-05-19T11:18:24Z","2024-05-29T00:02:58Z"
1036,"Employment Tribunal (England & Wales)",4,1675,34,"2023-03-30",,"2023-05-19T11:18:24Z","2024-05-29T00:02:58Z"
1037,"Employment Tribunal Scotland",4,1675,34,"2023-03-30",,"2023-05-19T11:18:24Z","2024-05-29T00:02:58Z"
1038,"Gender Recognition Panel",4,1675,34,"2023-03-30",,"2023-05-19T11:18:24Z","2024-05-29T00:02:58Z"
1039,"Pathogens Access Appeals Commission",4,1675,34,"2023-03-30",,"2023-05-19T11:18:24Z","2024-05-29T00:02:58Z"
1040,"Proscribed Organisations Appeal Commission",4,1675,34,"2023-03-30",,"2023-05-19T11:18:24Z","2024-05-29T00:02:58Z"
1041,"Special Immigration Appeals Commission",4,1675,34,"2023-03-30",,"2023-05-19T11:18:24Z","2024-05-29T00:02:58Z"
1042,"Administrative Appeals Chamber",4,1794,34,"2023-03-30",,"2023-05-19T11:18:24Z","2024-05-29T00:02:58Z"
1043,"Immigration and Asylum Chamber",4,1794,34,"2023-03-30",,"2023-05-19T11:18:24Z","2024-05-29T00:02:58Z"
1044,"Lands Chamber",4,1794,34,"2023-03-30",,"2023-05-19T11:18:24Z","2024-05-29T00:02:58Z"
1045,"Tax and Chancery Chamber",4,1794,34,"2023-03-30",,"2023-05-19T11:18:24Z","2024-05-29T00:02:58Z"
1047,"Interception of Communications Commissioner",4,1675,34,"2023-03-30",,"2023-05-19T11:18:24Z","2024-05-29T00:02:58Z"
1048,"Investigatory Powers Tribunals",4,1675,34,"2023-03-30",,"2023-05-19T11:18:24Z","2024-05-29T00:02:58Z"
1049,"Surveillance Commissioners",4,1675,34,"2023-03-30",,"2023-05-19T11:18:24Z","2024-05-29T00:02:58Z"
1051,"North East Circuit",2,1997,30,"2023-03-29","2023-03-29","2023-05-19T11:18:24Z","2025-11-04T01:00:30Z"
1053,"South East Circuit",2,2007,30,"2023-03-29","2023-03-29","2023-05-19T11:18:24Z","2025-11-04T01:00:30Z"
1054,"Wales Circuit",2,2023,30,"2023-03-29","2023-03-29","2023-05-19T11:18:24Z","2024-05-29T00:02:58Z"
1055,"Western Circuit",2,2031,30,"2023-03-29","2023-03-29","2023-05-19T11:18:24Z","2024-05-29T00:02:58Z"
1056,"Unknown",2,1963,30,"2023-03-30",,"2023-05-19T11:18:24Z","2024-05-29T00:02:58Z"
1058,"Competition Appeal Tribunal",4,1675,34,"2023-03-30",,"2023-05-19T11:18:24Z","2024-05-29T00:02:58Z"
1059,"Police Appeals Tribunal",4,1675,34,"2023-03-30",,"2023-05-19T11:18:24Z","2024-05-29T00:02:58Z"
1060,"Highbury Corner Magistrates Court",2,1482,30,"2023-03-30",,"2023-05-19T11:18:24Z","2024-05-29T00:02:58Z"
1061,"Westminster Magistrates Court",2,1482,30,"2023-03-30",,"2023-05-19T11:18:24Z","2024-05-29T00:02:58Z"
1062,"Camberwell Green Magistrates Court",2,1482,30,"2023-03-29","2023-03-29","2023-05-19T11:18:24Z","2024-05-29T00:02:58Z"
1063,"Wimbledon Magistrates Court",2,1482,30,"2023-03-30",,"2023-05-19T11:18:24Z","2024-05-29T00:02:58Z"
1064,"Hammersmith Magistrates Court",2,1482,30,"2023-03-29","2023-03-29","2023-05-19T11:18:24Z","2024-05-29T00:02:58Z"
1065,"Thames Magistrates Court",2,1482,30,"2023-03-30",,"2023-05-19T11:18:24Z","2024-05-29T00:02:58Z"
1066,"Hendon Magistrates Court",2,1482,30,"2023-03-30",,"2023-05-19T11:18:24Z","2024-05-29T00:02:58Z"
1067,"Stratford Magistrates Court",2,1482,30,"2023-03-30",,"2023-05-19T11:18:24Z","2024-05-29T00:02:58Z"
1068,"Ealing Magistrates Court",2,1482,30,"2023-03-30",,"2023-05-19T11:18:24Z","2024-05-29T00:02:58Z"
1069,"Bromley Magistrates Court",2,1482,30,"2023-03-30",,"2023-05-19T11:18:24Z","2024-05-29T00:02:58Z"
1070,"Croydon Magistrates Court",2,1482,30,"2023-03-30",,"2023-05-19T11:18:24Z","2024-05-29T00:02:58Z"
1071,"Lavender Hill Magistrates Court",2,1482,30,"2023-03-30",,"2023-05-19T11:18:24Z","2024-05-29T00:02:58Z"
1072,"Brent Magistrates Court",2,1482,30,"2023-03-30",,"2023-05-19T11:18:24Z","2024-05-29T00:02:58Z"
1073,"Redbridge Magistrates Court",2,1482,30,"2023-03-30",,"2023-05-19T11:18:24Z","2024-05-29T00:02:58Z"
1074,"Uxbridge Magistrates Court",2,1482,30,"2023-03-30",,"2023-05-19T11:18:24Z","2024-05-29T00:02:58Z"
1075,"Nottingham Magistrates Court",2,1665,30,"2023-03-30",,"2023-05-19T11:18:24Z","2024-05-29T00:02:58Z"
1076,"Worcester Magistrates Court",2,1665,30,"2023-03-30",,"2023-05-19T11:18:24Z","2024-05-29T00:02:58Z"
1077,"Birmingham Magistrates Court",2,1665,30,"2023-03-30",,"2023-05-19T11:18:24Z","2024-05-29T00:02:58Z"
1078,"Leicester Magistrates Court",2,1665,30,"2023-03-30",,"2023-05-19T11:18:24Z","2024-05-29T00:02:58Z"
1079,"Chesterfield Magistrates Court",2,1665,30,"2023-03-30",,"2023-05-19T11:18:24Z","2024-05-29T00:02:58Z"
1080,"North Staffordshire Justice Centre - Magistrates",2,1665,30,"2023-03-30",,"2023-05-19T11:18:24Z","2024-05-29T00:02:58Z"
1081,"Derby Magistrates Court",2,1665,30,"2023-03-30",,"2023-05-19T11:18:24Z","2024-05-29T00:02:58Z"
1082,"Wolverhampton Magistrates Court",2,1665,30,"2023-03-30",,"2023-05-19T11:18:24Z","2024-05-29T00:02:58Z"
1083,"North Tyneside Magistrates Court",2,1781,30,"2023-03-30",,"2023-05-19T11:18:24Z","2024-05-29T00:02:58Z"
1084,"Bradford Magistrates Court",2,1781,30,"2023-03-30",,"2023-05-19T11:18:24Z","2024-05-29T00:02:58Z"
1085,"Sunderland Magistrates Court",2,1781,30,"2023-03-30",,"2023-05-19T11:18:24Z","2024-05-29T00:02:58Z"
1086,"Grimsby Magistrates Court",2,1781,30,"2023-03-30",,"2023-05-19T11:18:24Z","2024-05-29T00:02:58Z"
1087,"Sheffield Magistrates Court",2,1781,30,"2023-03-30",,"2023-05-19T11:18:24Z","2024-05-29T00:02:58Z"
1088,"Kirklees Magistrates Court",2,1781,30,"2023-03-30",,"2023-05-19T11:18:24Z","2024-05-29T00:02:58Z"
1089,"Barnsley Magistrates Court",2,1781,30,"2023-03-30",,"2023-05-19T11:18:24Z","2024-05-29T00:02:58Z"
1090,"Teesside Magistrates Court",2,1781,30,"2023-03-30",,"2023-05-19T11:18:24Z","2024-05-29T00:02:58Z"
1091,"Leeds Magistrates Court",2,1781,30,"2023-03-30",,"2023-05-19T11:18:24Z","2024-05-29T00:02:58Z"
1092,"Wakefield Magistrates Court",2,1781,30,"2023-03-29","2023-03-29","2023-05-19T11:18:24Z","2024-05-29T00:02:58Z"
1093,"Hull Magistrates Court",2,1781,30,"2023-03-30",,"2023-05-19T11:18:24Z","2024-05-29T00:02:58Z"
1094,"Wirral Magistrates Court",2,1832,30,"2023-03-30",,"2023-05-19T11:18:24Z","2024-05-29T00:02:58Z"
1096,"Manchester Magistrates Court",2,1832,30,"2023-03-30",,"2023-05-19T11:18:24Z","2024-05-29T00:02:58Z"
1097,"Carlisle (Cumbria) Magistrates Court",2,1832,30,"2023-03-30",,"2023-05-19T11:18:24Z","2024-05-29T00:02:58Z"
1098,"Liverpool Magistrates Court",2,1832,30,"2023-03-30",,"2023-05-19T11:18:24Z","2024-05-29T00:02:58Z"
1099,"Blackburn Magistrates Court",2,1832,30,"2023-03-30",,"2023-05-19T11:18:24Z","2024-05-29T00:02:58Z"
1100,"Preston Magistrates Court",2,1832,30,"2023-03-30",,"2023-05-19T11:18:24Z","2024-05-29T00:02:58Z"
1101,"Warrington Magistrates Court",2,1832,30,"2023-03-30",,"2023-05-19T11:18:24Z","2024-05-29T00:02:58Z"
1102,"Guildford Magistrates Court",2,1886,30,"2023-03-30",,"2023-05-19T11:18:24Z","2024-05-29T00:02:58Z"
1103,"Margate Magistrates Court",2,1886,30,"2023-03-30",,"2023-05-19T11:18:24Z","2024-05-29T00:02:58Z"
1104,"Milton Keynes Magistrates Court",2,1886,30,"2023-03-30",,"2023-05-19T11:18:24Z","2024-05-29T00:02:58Z"
1105,"Ipswich Magistrates Court",2,1886,30,"2023-03-30",,"2023-05-19T11:18:24Z","2024-05-29T00:02:58Z"
1106,"Chelmsford Magistrates Court",2,1886,30,"2023-03-30",,"2023-05-19T11:18:24Z","2024-05-29T00:02:58Z"
1107,"Reading Magistrates Court",2,1886,30,"2023-03-30",,"2023-05-19T11:18:24Z","2024-05-29T00:02:58Z"
1108,"Luton Magistrates Court",2,1886,30,"2023-03-30",,"2023-05-19T11:18:24Z","2024-05-29T00:02:58Z"
1109,"Oxford Magistrates Court",2,1886,30,"2023-03-30",,"2023-05-19T11:18:24Z","2024-05-29T00:02:58Z"
1110,"St Albans Magistrates Court",2,1886,30,"2023-03-30",,"2023-05-19T11:18:24Z","2024-05-29T00:02:58Z"
1111,"Peterborough Magistrates Court",2,1886,30,"2023-03-30",,"2023-05-19T11:18:24Z","2024-05-29T00:02:58Z"
1112,"Brighton Magistrates Court",2,1886,30,"2023-03-30",,"2023-05-19T11:18:24Z","2024-05-29T00:02:58Z"
1113,"Norwich Magistrates Court",2,1886,30,"2023-03-30",,"2023-05-19T11:18:24Z","2024-05-29T00:02:58Z"
1114,"Slough Magistrates Court",2,1886,30,"2023-03-30",,"2023-05-19T11:18:24Z","2024-05-29T00:02:58Z"
1115,"Portsmouth Magistrates Court",2,1913,30,"2023-03-30",,"2023-05-19T11:18:24Z","2024-05-29T00:02:58Z"
1116,"Gloucester Magistrates Court",2,1913,30,"2023-03-29","2023-03-29","2023-05-19T11:18:24Z","2024-05-29T00:02:58Z"
1117,"Swindon Magistrates Court",2,1913,30,"2023-03-30",,"2023-05-19T11:18:24Z","2024-05-29T00:02:58Z"
1118,"Aldershot Magistrates Court",2,1913,30,"2023-03-30",,"2023-05-19T11:18:24Z","2024-05-29T00:02:58Z"
1119,"Plymouth Magistrates Court",2,1913,30,"2023-03-30",,"2023-05-19T11:18:24Z","2024-05-29T00:02:58Z"
1120,"Bristol Magistrates Court",2,1913,30,"2023-03-30",,"2023-05-19T11:18:24Z","2024-05-29T00:02:58Z"
1121,"Southampton Magistrates Court",2,1913,30,"2023-03-30",,"2023-05-19T11:18:24Z","2024-05-29T00:02:58Z"
1122,"Bournemouth Magistrates Court",2,1913,30,"2023-03-29","2023-03-29","2023-05-19T11:18:24Z","2024-05-29T00:02:58Z"
1123,"Taunton Magistrates Court",2,1913,30,"2023-03-30",,"2023-05-19T11:18:24Z","2024-05-29T00:02:58Z"
1124,"Cardiff Magistrates Court",2,1970,30,"2023-03-30",,"2023-05-19T11:18:24Z","2024-05-29T00:02:58Z"
1125,"Mold Magistrates Court",2,1970,30,"2023-03-30",,"2023-05-19T11:18:24Z","2024-05-29T00:02:58Z"
1126,"Newport Magistrates Court",2,1970,30,"2023-03-30",,"2023-05-19T11:18:24Z","2024-05-29T00:02:58Z"
1127,"Cwmbran Magistrates Court",2,1970,30,"2023-03-30",,"2023-05-19T11:18:24Z","2024-05-29T00:02:58Z"
1128,"Hartlepool LJA",8,1699,84,"2023-03-29","2023-03-29","2023-05-19T11:18:24Z","2024-05-29T00:02:58Z"
1129,"Teesside LJA",8,1699,84,"2023-03-29","2023-03-29","2023-05-19T11:18:24Z","2024-05-29T00:02:58Z"
1130,"County Durham and Darlington LJA",8,1477,84,"2023-03-30",,"2023-05-19T11:18:24Z","2024-05-29T00:02:58Z"
1131,"Cleveland and County Durham and Darlington",13,1649,84,"2023-03-29","2023-03-29","2023-05-19T11:18:24Z","2024-05-29T00:02:58Z"
1132,"Reinstatement Committees and Umpires Tribunal",4,1675,34,"2023-03-30",,"2023-05-19T11:18:24Z","2024-05-29T00:02:58Z"
1133,"Road User Charging Tribunal",4,1675,34,"2023-03-30",,"2023-05-19T11:18:24Z","2024-05-29T00:02:58Z"
1134,"Intellectual Property Tribunal",4,1675,34,"2023-03-30",,"2023-05-19T11:18:24Z","2024-05-29T00:02:58Z"
1135,"Reserved Forces Appeal Tribunal",4,1675,34,"2023-03-29","2023-03-29","2023-05-19T11:18:24Z","2024-05-29T00:02:58Z"
1137,"Copyright Tribunal",4,1675,34,"2023-03-30",,"2023-05-19T11:18:24Z","2024-05-29T00:02:58Z"
1138,"Design Tribunal",4,1675,34,"2023-03-30",,"2023-05-19T11:18:24Z","2024-05-29T00:02:58Z"
1139,"Trademark Tribunals",4,1675,34,"2023-03-30",,"2023-05-19T11:18:24Z","2024-05-29T00:02:59Z"
1140,"Valuation Tribunal - England",4,1675,34,"2023-03-30",,"2023-05-19T11:18:24Z","2024-05-29T00:02:59Z"
1142,"Motor Insurers Bureau",4,1675,34,"2023-03-30",,"2023-05-19T11:18:24Z","2024-05-29T00:02:59Z"
1143,"Special Educational Needs Tribunal Wales",4,1675,34,"2023-03-30",,"2023-05-19T11:18:24Z","2024-05-29T00:02:59Z"
1144,"Mental Health Tribunal Wales",4,1675,34,"2023-03-30",,"2023-05-19T11:18:24Z","2024-05-29T00:02:59Z"
1145,"Residential Property Wales",4,1675,34,"2023-03-30",,"2023-05-19T11:18:24Z","2024-05-29T00:02:59Z"
1146,"Transport Tribunal",4,1675,34,"2023-03-30",,"2023-05-19T11:18:24Z","2024-05-29T00:02:59Z"
1147,"Royal Courts of Justice - Senior Costs Office",2,1482,30,"2023-03-30",,"2023-05-19T11:18:24Z","2024-05-29T00:02:59Z"
1149,"Intelligence Services Commissioners",4,1675,34,"2023-03-30",,"2023-05-19T11:18:24Z","2024-05-29T00:02:59Z"
1150,"Northallerton and Richmond",8,1745,84,"2023-03-29","2023-03-29","2023-05-19T11:18:24Z","2024-05-29T00:02:59Z"
1151,"Advisory Committee on Conscientious Objectors",4,1675,34,"2023-03-30",,"2023-05-19T11:18:24Z","2024-05-29T00:02:59Z"
1152,"West Sussex LJA",8,1790,84,"2023-03-29","2023-03-29","2023-05-19T11:18:24Z","2024-05-29T00:02:59Z"
1153,"Bradford LJA",8,1741,84,"2023-03-29","2023-03-29","2023-05-19T11:18:24Z","2024-05-29T00:02:59Z"
1154,"North Yorkshire LJA",8,1893,84,"2023-03-30",,"2023-05-19T11:18:24Z","2024-05-29T00:02:59Z"
1156,"Gateshead Magistrates Court",2,1781,30,"2023-03-30",,"2023-05-19T11:18:24Z","2024-05-29T00:02:59Z"
1157,"Agricultural Lands Tribunal - Wales",4,1675,34,"2023-03-30",,"2023-05-19T11:18:24Z","2024-05-29T00:02:59Z"
1159,"Newcastle upon Tyne Magistrates Court",2,1781,30,"2023-03-30",,"2023-05-19T11:18:24Z","2024-05-29T00:02:59Z"
1160,"Greater Manchester LJA",8,1894,84,"2023-03-30",,"2023-05-19T11:18:24Z","2024-05-29T00:02:59Z"
1161,"North Northumbria LJA",8,1976,84,"2023-03-30",,"2023-05-19T11:18:24Z","2024-05-29T00:02:59Z"
1162,"South Northumbria LJA",8,1976,84,"2023-03-30",,"2023-05-19T11:18:24Z","2024-05-29T00:02:59Z"
1163,"Walsall Magistrates Court",2,1665,30,"2023-03-30",,"2023-05-19T11:18:24Z","2024-05-29T00:02:59Z"
1164,"Northampton Magistrates Court",2,1665,30,"2023-03-30",,"2023-05-19T11:18:24Z","2024-05-29T00:02:59Z"
1165,"Lincoln Magistrates Court",2,1665,30,"2023-03-30",,"2023-05-19T11:18:24Z","2024-05-29T00:02:59Z"
1166,"West Hampshire Magistrates Court",2,1913,30,"2023-03-30",,"2023-05-19T11:18:24Z","2024-05-29T00:02:59Z"
1167,"Willesden Magistrates Court",2,1482,30,"2023-03-30",,"2023-05-19T11:18:24Z","2024-05-29T00:02:59Z"
1170,"Barkingside Magistrates Court",2,1482,30,"2023-03-30",,"2023-05-19T11:18:24Z","2024-05-29T00:02:59Z"
1171,"Grimsby County Court",2,1781,30,"2023-03-30",,"2023-05-19T11:18:24Z","2024-05-29T00:02:59Z"
1172,"Oxford Combined Court Centre",2,1886,30,"2023-03-30",,"2023-05-19T11:18:24Z","2024-05-29T00:02:59Z"
1173,"Bristol Civil and Family Justice Centre",2,1913,30,"2023-03-30",,"2023-05-19T11:18:24Z","2024-05-29T00:02:59Z"
1174,"Horserace Betting Levy Appeals Tribunal",4,1675,34,"2023-03-30",,"2023-05-19T11:18:24Z","2024-05-29T00:02:59Z"
1175,"Avon and Somerset LJA",8,1835,84,"2023-03-29","2023-03-29","2023-05-19T11:18:24Z","2024-05-29T00:02:59Z"
1176,"Cheshire  LJA",8,1697,84,"2023-03-29","2023-03-29","2023-05-19T11:18:24Z","2024-05-29T00:02:59Z"
1177,"Cleveland LJA",8,1699,84,"2023-03-29","2023-03-29","2023-05-19T11:18:24Z","2024-05-29T00:02:59Z"
1178,"East Hampshire LJA",8,1725,84,"2023-03-29","2023-03-29","2023-05-19T11:18:24Z","2024-05-29T00:02:59Z"
1179,"Humber LJA",8,1727,84,"2023-03-29","2023-03-29","2023-05-19T11:18:24Z","2024-07-18T00:02:50Z"
1180,"Cardiff LJA",8,1738,84,"2023-03-29","2023-03-29","2023-05-19T11:18:24Z","2024-05-29T00:02:59Z"
1181,"Merseyside LJA",8,1840,84,"2023-03-29","2023-03-29","2023-05-19T11:18:24Z","2024-05-29T00:02:59Z"
1182,"Mid Wales LJA",8,1738,84,"2023-03-29","2023-03-29","2023-05-19T11:18:24Z","2024-05-29T00:02:59Z"
1183,"Northamptonshire LJA",8,1747,84,"2023-03-29","2023-03-29","2023-05-19T11:18:24Z","2024-05-29T00:02:59Z"
1184,"North Central Wales LJA",8,1744,84,"2023-03-29","2023-03-29","2023-05-19T11:18:24Z","2024-05-29T00:02:59Z"
1185,"North West Wales LJA",8,1744,84,"2023-03-29","2023-03-29","2023-05-19T11:18:24Z","2024-05-29T00:02:59Z"
1186,"South Yorkshire LJA",8,1836,84,"2023-03-29","2023-03-29","2023-05-19T11:18:24Z","2024-05-29T00:02:59Z"
1187,"Staffordshire LJA",8,1842,84,"2023-03-29","2023-03-29","2023-05-19T11:18:24Z","2025-06-11T00:00:11Z"
1188,"Surrey LJA",8,1762,84,"2023-03-29","2023-03-29","2023-05-19T11:18:24Z","2024-05-29T00:02:59Z"
1189,"West Yorkshire LJA",8,1893,84,"2023-03-30",,"2023-05-19T11:18:24Z","2024-05-29T00:02:59Z"
1191,"Leyland Family Hearing Centre",2,1832,30,"2023-03-30",,"2023-05-19T11:18:24Z","2024-05-29T00:02:59Z"
1192,"Prestatyn Civil and Family Justice Centre",2,1970,30,"2023-03-30",,"2023-05-19T11:18:24Z","2024-05-29T00:02:59Z"
1193,"Lancashire LJA",8,1730,84,"2023-03-29","2023-03-29","2023-05-19T11:18:24Z","2024-05-29T00:02:59Z"
1194,"Doncaster Magistrates Court",2,1781,30,"2023-03-30",,"2023-05-19T11:18:24Z","2024-05-29T00:02:59Z"
1198,"County Durham and Darlington",16,1487,86,"2023-03-30",,"2023-05-19T11:18:25Z","2024-05-29T00:02:59Z"
1199,"North Northumberland",16,1900,86,"2023-03-30","2024-03-31","2023-05-19T11:18:25Z","2024-05-29T00:02:59Z"
1200,"South Northumberland",16,1900,86,"2023-03-30","2024-03-31","2023-05-19T11:18:25Z","2024-05-29T00:02:59Z"
1201,"Teesside and Hartlepool",16,1696,86,"2023-03-30",,"2023-05-19T11:18:25Z","2024-05-29T00:02:59Z"
1202,"Royal Courts of Justice",16,1636,86,"2023-03-30",,"2023-05-19T11:18:25Z","2024-05-29T00:02:59Z"
1203,"North West Wales",16,1853,86,"2023-03-30",,"2023-05-19T11:18:25Z","2024-05-29T00:02:59Z"
1204,"Gateshead and South Tyneside",16,1936,86,"2023-03-30",,"2023-05-19T11:18:25Z","2024-05-29T00:02:59Z"
1205,"Swansea and Neath Port Talbot",16,1673,86,"2023-03-30",,"2023-05-19T11:18:25Z","2024-05-29T00:02:59Z"
1206,"Gwent",16,1883,86,"2023-03-30",,"2023-05-19T11:18:25Z","2024-05-29T00:02:59Z"
1207,"Newcastle upon Tyne",16,1820,86,"2023-03-30","2024-06-23","2023-05-19T11:18:25Z","2024-06-25T00:02:52Z"
1208,"Ceredigion",16,1560,86,"2023-03-30",,"2023-05-19T11:18:25Z","2024-05-29T00:02:59Z"
1209,"North Tyneside",16,1839,86,"2023-03-30","2024-06-23","2023-05-19T11:18:25Z","2024-06-25T00:02:52Z"
1210,"North Wales (East and Central)",16,1807,86,"2023-03-30",,"2023-05-19T11:18:25Z","2024-05-29T00:02:59Z"
1211,"Carmarthenshire and Pembrokeshire",16,1930,86,"2023-03-30",,"2023-05-19T11:18:25Z","2024-05-29T00:02:59Z"
1212,"South Wales Central",16,1952,86,"2023-03-30",,"2023-05-19T11:18:25Z","2024-05-29T00:02:59Z"
1213,"Wiltshire and Swindon",16,1987,86,"2023-03-30",,"2023-05-19T11:18:25Z","2024-05-29T00:02:59Z"
1214,"Somerset",16,1955,86,"2023-03-30",,"2023-05-19T11:18:25Z","2024-05-29T00:02:59Z"
1215,"Gloucestershire",16,1881,86,"2023-03-30",,"2023-05-19T11:18:25Z","2024-05-29T00:02:59Z"
1216,"Dorset",16,1568,86,"2023-03-30",,"2023-05-19T11:18:25Z","2024-05-29T00:02:59Z"
1217,"Sunderland",16,1954,86,"2023-03-30",,"2023-05-19T11:18:25Z","2024-05-29T00:02:59Z"
1218,"Cheshire",16,2009,86,"2023-03-30",,"2023-05-19T11:18:25Z","2024-05-29T00:02:59Z"
1219,"Cumbria",16,1821,86,"2023-03-30",,"2023-05-19T11:18:25Z","2024-05-29T00:02:59Z"
1220,"Manchester City",16,1917,86,"2023-03-30",,"2023-05-19T11:18:25Z","2024-05-29T00:02:59Z"
1221,"Manchester North",16,1946,86,"2023-03-30",,"2023-05-19T11:18:25Z","2024-05-29T00:02:59Z"
1222,"Manchester South",16,2003,86,"2023-03-30",,"2023-05-19T11:18:25Z","2024-05-29T00:02:59Z"
1223,"Manchester West",16,1679,86,"2023-03-30",,"2023-05-19T11:18:25Z","2024-05-29T00:02:59Z"
1224,"Lancashire with Blackburn and Darwen",16,1823,86,"2023-03-30",,"2023-05-19T11:18:25Z","2024-05-29T00:02:59Z"
1225,"Blackpool and Fylde",16,1663,86,"2023-03-30",,"2023-05-19T11:18:25Z","2024-05-29T00:02:59Z"
1226,"Sefton Knowsley and St Helens",16,1980,86,"2023-03-30",,"2023-05-19T11:18:25Z","2024-05-29T00:02:59Z"
1227,"Liverpool and Wirral",16,1902,86,"2023-03-30",,"2023-05-19T11:18:25Z","2024-05-29T00:02:59Z"
1228,"North Lincolnshire and Grimsby",16,1889,86,"2023-03-30","2024-03-31","2023-05-19T11:18:25Z","2024-05-29T00:02:59Z"
1229,"East Riding and Hull",16,1830,86,"2023-03-30",,"2023-05-19T11:18:25Z","2024-05-29T00:02:59Z"
1230,"York",16,1974,86,"2023-03-29","2023-03-29","2023-05-19T11:18:25Z","2024-05-29T00:02:59Z"
1231,"North Yorkshire (Eastern)",16,1998,86,"2023-03-29","2023-03-29","2023-05-19T11:18:25Z","2024-05-29T00:02:59Z"
1232,"North Yorkshire (Western)",16,1998,86,"2023-03-29","2023-03-29","2023-05-19T11:18:25Z","2024-05-29T00:02:59Z"
1233,"South Yorkshire (East)",16,1799,86,"2023-03-30",,"2023-05-19T11:18:25Z","2024-05-29T00:02:59Z"
1234,"South Yorkshire (West)",16,1932,86,"2023-03-30",,"2023-05-19T11:18:25Z","2024-05-29T00:02:59Z"
1235,"West Yorkshire (Eastern)",16,1960,86,"2023-03-30",,"2023-05-19T11:18:25Z","2024-05-29T00:02:59Z"
1236,"West Yorkshire (Western)",16,1666,86,"2023-03-30",,"2023-05-19T11:18:25Z","2024-05-29T00:02:59Z"
1237,"Derby and Derbyshire",16,1578,86,"2023-03-30",,"2023-05-19T11:18:25Z","2024-05-29T00:02:59Z"
1238,"Leicester and South Leicestershire",16,1723,86,"2023-03-30",,"2023-05-19T11:18:25Z","2024-05-29T00:02:59Z"
1239,"Rutland and North Leicestershire",16,1812,86,"2023-03-30",,"2023-05-19T11:18:25Z","2024-05-29T00:02:59Z"
1240,"Lincolnshire",16,1824,86,"2023-03-30","2024-03-31","2023-05-19T11:18:25Z","2024-05-29T00:02:59Z"
1241,"Plymouth Torbay and South Devon",16,1912,86,"2023-03-30","2024-03-31","2023-05-19T11:18:25Z","2024-05-29T00:02:59Z"
1242,"Northamptonshire",16,1877,86,"2023-03-30",,"2023-05-19T11:18:25Z","2024-05-29T00:02:59Z"
1243,"Exeter and Greater Devon",16,1822,86,"2023-03-30","2024-03-31","2023-05-19T11:18:25Z","2024-05-29T00:02:59Z"
1244,"Nottinghamshire and Nottingham",16,1934,86,"2023-03-30",,"2023-05-19T11:18:25Z","2024-05-29T00:02:59Z"
1245,"Cornwall and Isles of Scilly",16,1808,86,"2023-03-30",,"2023-05-19T11:18:25Z","2024-05-29T00:02:59Z"
1246,"Avon",16,1674,86,"2023-03-30",,"2023-05-19T11:18:25Z","2024-05-29T00:02:59Z"
1247,"Herefordshire",16,1773,86,"2023-03-30",,"2023-05-19T11:18:25Z","2024-05-29T00:02:59Z"
1248,"Shropshire Telford and Wrekin",16,1875,86,"2023-03-30",,"2023-05-19T11:18:25Z","2024-05-29T00:02:59Z"
1249,"Staffordshire South",16,1908,86,"2023-03-30","2024-12-02","2023-05-19T11:18:25Z","2024-12-04T01:00:47Z"
1250,"Stoke-on-Trent and North Staffordshire",16,1958,86,"2023-03-30","2024-12-02","2023-05-19T11:18:25Z","2024-12-04T01:00:47Z"
1251,"Warwickshire (C)",16,1985,86,"2023-03-30",,"2023-05-19T11:18:25Z","2024-05-29T00:02:59Z"
1252,"Birmingham and Solihull",16,1552,86,"2023-03-30",,"2023-05-19T11:18:25Z","2024-05-29T00:02:59Z"
1253,"Black Country",16,1858,86,"2023-03-30",,"2023-05-19T11:18:25Z","2024-05-29T00:02:59Z"
1254,"Coventry",16,1668,86,"2023-03-30",,"2023-05-19T11:18:25Z","2024-05-29T00:02:59Z"
1255,"Worcestershire",16,1991,86,"2023-03-30",,"2023-05-19T11:18:25Z","2024-05-29T00:02:59Z"
1256,"Bedfordshire and Luton",16,1595,86,"2023-03-30",,"2023-05-19T11:18:25Z","2024-05-29T00:02:59Z"
1257,"Cambridgeshire and Peterborough",16,1716,86,"2023-03-30",,"2023-05-19T11:18:25Z","2024-05-29T00:02:59Z"
1258,"Essex and Thurrock",16,1796,86,"2023-03-30","2023-03-30","2023-05-19T11:18:25Z","2026-01-06T01:00:11Z"
1259,"Hertfordshire",16,1861,86,"2023-03-30",,"2023-05-19T11:18:25Z","2024-05-29T00:02:59Z"
1260,"Norfolk",16,1872,86,"2023-03-30",,"2023-05-19T11:18:25Z","2024-05-29T00:02:59Z"
1261,"Suffolk",16,1926,86,"2023-03-30",,"2023-05-19T11:18:25Z","2024-05-29T00:02:59Z"
1262,"City of London (C)",16,1640,86,"2023-03-30",,"2023-05-19T11:18:25Z","2024-05-29T00:02:59Z"
1263,"East London",16,1961,86,"2023-03-30",,"2023-05-19T11:18:25Z","2024-05-29T00:02:59Z"
1264,"Inner North London",16,1705,86,"2023-03-30",,"2023-05-19T11:18:25Z","2024-05-29T00:02:59Z"
1265,"Inner South London",16,1914,86,"2023-03-30",,"2023-05-19T11:18:25Z","2024-05-29T00:02:59Z"
1266,"West Sussex",16,2024,86,"2023-03-30","2023-03-31","2023-05-19T11:18:25Z","2024-05-29T00:02:59Z"
1267,"Surrey",16,2013,86,"2023-03-30",,"2023-05-19T11:18:25Z","2024-05-29T00:02:59Z"
1268,"Oxfordshire",16,1983,86,"2023-03-30",,"2023-05-19T11:18:25Z","2024-05-29T00:02:59Z"
1269,"Milton Keynes",16,1959,86,"2023-03-30",,"2023-05-19T11:18:25Z","2024-05-29T00:02:59Z"
1270,"North West Kent",16,1925,86,"2023-03-30","2025-06-30","2023-05-19T11:18:25Z","2025-07-03T00:00:13Z"
1271,"North East Kent",16,1925,86,"2023-03-30","2025-06-30","2023-05-19T11:18:25Z","2025-07-03T00:00:13Z"
1272,"Mid Kent and Medway",16,1925,86,"2023-03-30","2025-06-30","2023-05-19T11:18:25Z","2025-07-03T00:00:13Z"
1273,"Central and South East Kent",16,1925,86,"2023-03-30","2025-06-30","2023-05-19T11:18:25Z","2025-07-03T00:00:13Z"
1274,"Isle of Wight",16,1868,86,"2023-03-30",,"2023-05-19T11:18:25Z","2024-05-29T00:02:59Z"
1275,"Southampton and New Forest",16,1837,86,"2023-03-29","2023-03-29","2023-05-19T11:18:25Z","2024-05-29T00:02:59Z"
1276,"Portsmouth and South East Hampshire",16,1837,86,"2023-03-29","2023-03-29","2023-05-19T11:18:25Z","2024-05-29T00:02:59Z"
1277,"North East Hampshire",16,1837,86,"2023-03-29","2023-03-29","2023-05-19T11:18:25Z","2024-05-29T00:02:59Z"
1278,"Central Hampshire",16,1837,86,"2023-03-29","2023-03-29","2023-05-19T11:18:25Z","2024-05-29T00:02:59Z"
1279,"East Sussex",16,1804,86,"2023-03-30",,"2023-05-19T11:18:25Z","2024-05-29T00:02:59Z"
1280,"Buckinghamshire",16,1678,86,"2023-03-30",,"2023-05-19T11:18:25Z","2024-05-29T00:02:59Z"
1281,"Brighton and Hove",16,1652,86,"2023-03-30","2023-03-31","2023-05-19T11:18:25Z","2024-05-29T00:02:59Z"
1282,"Berkshire",16,1988,86,"2023-03-30",,"2023-05-19T11:18:25Z","2024-05-29T00:02:59Z"
1283,"West London",16,1850,86,"2023-03-30",,"2023-05-19T11:18:25Z","2024-05-29T00:02:59Z"
1284,"South London",16,1772,86,"2023-03-30",,"2023-05-19T11:18:25Z","2024-05-29T00:02:59Z"
1285,"North London",16,1870,86,"2023-03-30",,"2023-05-19T11:18:25Z","2024-05-29T00:02:59Z"
1286,"Inner West London",16,1982,86,"2023-03-30",,"2023-05-19T11:18:25Z","2024-05-29T00:02:59Z"
1288,"Avon and Somerset and Gloucestershire AC",11,1464,84,"2023-03-29","2023-03-29","2023-05-19T11:18:25Z","2024-05-29T00:02:59Z"
1299,"Cheshire and Merseyside Recruitment AC",11,1684,84,"2023-03-30",,"2023-05-19T11:18:25Z","2024-05-29T00:02:59Z"
1300,"Cumbria and Lancashire Recruitment AC",11,1860,84,"2023-03-30",,"2023-05-19T11:18:25Z","2024-05-29T00:02:59Z"
1312,"West Mercia and Staffordshire Recruitment AC",11,2005,84,"2023-03-30",,"2023-05-19T11:18:25Z","2024-05-29T00:02:59Z"
1317,"Thames Valley Recruitment AC",11,2026,84,"2023-03-30",,"2023-05-19T11:18:25Z","2024-05-29T00:02:59Z"
1322,"South Wales Recruitment AC",11,1843,84,"2023-03-30",,"2023-05-19T11:18:25Z","2024-05-29T00:02:59Z"
1323,"Cheshire LJA",8,1476,84,"2023-03-30",,"2023-05-19T11:18:25Z","2024-05-29T00:02:59Z"
1324,"Merseyside LJA",8,1476,84,"2023-03-30",,"2023-05-19T11:18:25Z","2024-05-29T00:02:59Z"
1325,"Greater Manchester LJA.",8,1996,84,"2023-03-29","2023-03-29","2023-05-19T11:18:25Z","2024-05-29T00:02:59Z"
1326,"North and West Cumbria LJA",8,1776,84,"2023-03-30",,"2023-05-19T11:18:25Z","2024-05-29T00:02:59Z"
1327,"South Cumbria LJA",8,1776,84,"2023-03-30",,"2023-05-19T11:18:25Z","2024-05-29T00:02:59Z"
1328,"Lancashire LJA",8,1776,84,"2023-03-30",,"2023-05-19T11:18:25Z","2024-05-29T00:02:59Z"
1332,"Humber LJA",8,1778,84,"2023-03-30",,"2023-05-19T11:18:25Z","2024-05-29T00:02:59Z"
1333,"South Yorkshire LJA",8,1778,84,"2023-03-30",,"2023-05-19T11:18:25Z","2024-05-29T00:02:59Z"
1338,"Birmingham and Solihull LJA",8,1471,84,"2023-03-30",,"2023-05-19T11:18:25Z","2024-05-29T00:02:59Z"
1339,"Black Country LJA",8,1471,84,"2023-03-30",,"2023-05-19T11:18:25Z","2024-05-29T00:02:59Z"
1340,"Coventry and Warwickshire LJA",8,1471,84,"2023-03-30",,"2023-05-19T11:18:25Z","2024-05-29T00:02:59Z"
1342,"Southern Derbyshire LJA",8,1770,84,"2023-03-30",,"2023-05-19T11:18:25Z","2024-05-29T00:02:59Z"
1343,"Nottinghamshire LJA",8,1770,84,"2023-03-30",,"2023-05-19T11:18:25Z","2024-05-29T00:02:59Z"
1344,"Northamptonshire LJA",8,1907,84,"2023-03-30",,"2023-05-19T11:18:25Z","2024-05-29T00:02:59Z"
1345,"Leicestershire and Rutland LJA",8,1907,84,"2023-03-30",,"2023-05-19T11:18:25Z","2024-05-29T00:02:59Z"
1346,"Lincolnshire LJA",8,1907,84,"2023-03-30",,"2023-05-19T11:18:25Z","2024-05-29T00:02:59Z"
1347,"Herefordshire LJA",8,1975,84,"2023-03-30",,"2023-05-19T11:18:25Z","2024-05-29T00:03:00Z"
1348,"Shropshire LJA",8,1975,84,"2023-03-30",,"2023-05-19T11:18:25Z","2024-05-29T00:03:00Z"
1349,"Worcestershire LJA",8,1975,84,"2023-03-30",,"2023-05-19T11:18:25Z","2024-05-29T00:03:00Z"
1350,"Staffordshire LJA",8,1975,84,"2023-03-30",,"2023-05-19T11:18:25Z","2024-05-29T00:03:00Z"
1351,"Carmarthenshire LJA",8,1469,84,"2023-03-30",,"2023-05-19T11:18:25Z","2024-05-29T00:03:00Z"
1352,"Ceredigion and Pembrokeshire LJA",8,1469,84,"2023-03-30",,"2023-05-19T11:18:25Z","2024-05-29T00:03:00Z"
1353,"Montgomeryshire LJA",8,1469,84,"2023-03-30",,"2023-05-19T11:18:25Z","2024-05-29T00:03:00Z"
1354,"North Central Wales LJA",8,1469,84,"2023-03-30",,"2023-05-19T11:18:25Z","2024-05-29T00:03:00Z"
1357,"North East Wales LJA",8,1469,84,"2023-03-30",,"2023-05-19T11:18:25Z","2024-05-29T00:03:00Z"
1358,"North West Wales LJA",8,1469,84,"2023-03-30",,"2023-05-19T11:18:25Z","2024-05-29T00:03:00Z"
1360,"Gwent LJA",8,1765,84,"2023-03-30",,"2023-05-19T11:18:25Z","2024-05-29T00:03:00Z"
1361,"Cardiff LJA",8,1765,84,"2023-03-30",,"2023-05-19T11:18:25Z","2024-05-29T00:03:00Z"
1362,"Mid Wales LJA",8,1765,84,"2023-03-30",,"2023-05-19T11:18:25Z","2024-05-29T00:03:00Z"
1363,"West Glamorgan LJA",8,1765,84,"2023-03-30",,"2023-05-19T11:18:25Z","2024-05-29T00:03:00Z"
1364,"Bedfordshire LJA",8,1475,84,"2023-03-30",,"2023-05-19T11:18:25Z","2024-05-29T00:03:00Z"
1365,"North and East Hertfordshire LJA",8,1475,84,"2023-03-30",,"2023-05-19T11:18:25Z","2024-05-29T00:03:00Z"
1366,"West and Central Hertfordshire LJA",8,1475,84,"2023-03-30",,"2023-05-19T11:18:25Z","2024-05-29T00:03:00Z"
1367,"Cambridgeshire LJA",8,1685,84,"2023-03-30",,"2023-05-19T11:18:25Z","2024-05-29T00:03:00Z"
1368,"North Essex LJA",8,1685,84,"2023-03-30",,"2023-05-19T11:18:25Z","2024-05-29T00:03:00Z"
1369,"South Essex LJA",8,1685,84,"2023-03-30",,"2023-05-19T11:18:25Z","2024-05-29T00:03:00Z"
1370,"Central Kent LJA",8,1856,84,"2023-03-30",,"2023-05-19T11:18:25Z","2024-05-29T00:03:00Z"
1371,"East Kent LJA",8,1856,84,"2023-03-30",,"2023-05-19T11:18:25Z","2024-05-29T00:03:00Z"
1372,"North Kent LJA",8,1856,84,"2023-03-30",,"2023-05-19T11:18:25Z","2024-05-29T00:03:00Z"
1373,"Suffolk LJA",8,1945,84,"2023-03-30",,"2023-05-19T11:18:25Z","2024-05-29T00:03:00Z"
1374,"Norfolk LJA",8,1945,84,"2023-03-30",,"2023-05-19T11:18:25Z","2024-05-29T00:03:00Z"
1375,"Surrey LJA",8,1994,84,"2023-03-30",,"2023-05-19T11:18:25Z","2024-05-29T00:03:00Z"
1376,"Sussex (Central) LJA",8,1994,84,"2023-03-30",,"2023-05-19T11:18:25Z","2024-05-29T00:03:00Z"
1377,"Sussex (Eastern) LJA",8,1994,84,"2023-03-30",,"2023-05-19T11:18:25Z","2024-05-29T00:03:00Z"
1378,"West Sussex LJA",8,1994,84,"2023-03-30",,"2023-05-19T11:18:25Z","2024-05-29T00:03:00Z"
1379,"Berkshire LJA",8,2021,84,"2023-03-30",,"2023-05-19T11:18:25Z","2024-05-29T00:03:00Z"
1380,"Buckinghamshire LJA",8,2021,84,"2023-03-30",,"2023-05-19T11:18:25Z","2024-05-29T00:03:00Z"
1381,"Oxfordshire LJA",8,2021,84,"2023-03-30",,"2023-05-19T11:18:25Z","2024-05-29T00:03:00Z"
1382,"Avon and Somerset LJA",8,1474,84,"2023-03-30",,"2023-05-19T11:18:25Z","2024-05-29T00:03:00Z"
1383,"Gloucestershire LJA",8,1474,84,"2023-03-30",,"2023-05-19T11:18:25Z","2024-05-29T00:03:00Z"
1384,"Cornwall LJA",8,1769,84,"2023-03-30",,"2023-05-19T11:18:25Z","2024-05-29T00:03:00Z"
1385,"North and East Devon LJA",8,1769,84,"2023-03-30",,"2023-05-19T11:18:25Z","2024-05-29T00:03:00Z"
1386,"South and West Devon LJA",8,1769,84,"2023-03-30",,"2023-05-19T11:18:25Z","2024-05-29T00:03:00Z"
1387,"Dorset LJA",8,1769,84,"2023-03-30",,"2023-05-19T11:18:25Z","2024-05-29T00:03:00Z"
1388,"East Hampshire LJA",8,1898,84,"2023-03-30",,"2023-05-19T11:18:25Z","2024-05-29T00:03:00Z"
1389,"Isle of Wight LJA",8,1898,84,"2023-03-30",,"2023-05-19T11:18:25Z","2024-05-29T00:03:00Z"
1390,"North Hampshire LJA",8,1898,84,"2023-03-30",,"2023-05-19T11:18:25Z","2024-05-29T00:03:00Z"
1391,"West Hampshire LJA",8,1898,84,"2023-03-30",,"2023-05-19T11:18:25Z","2024-05-29T00:03:00Z"
1392,"Wiltshire LJA",8,1898,84,"2023-03-30",,"2023-05-19T11:18:25Z","2024-05-29T00:03:00Z"
1393,"North East London LJA",8,1467,84,"2023-03-30",,"2023-05-19T11:18:25Z","2024-05-29T00:03:00Z"
1394,"East London LJA",8,1467,84,"2023-03-30",,"2023-05-19T11:18:25Z","2024-05-29T00:03:00Z"
1395,"North London LJA",8,1467,84,"2023-03-30",,"2023-05-19T11:18:25Z","2024-05-29T00:03:00Z"
1396,"South West London LJA",8,1467,84,"2023-03-30",,"2023-05-19T11:18:25Z","2024-05-29T00:03:00Z"
1397,"North West London LJA",8,1467,84,"2023-03-30",,"2023-05-19T11:18:25Z","2024-05-29T00:03:00Z"
1398,"West London LJA",8,1467,84,"2023-03-30",,"2023-05-19T11:18:25Z","2024-05-29T00:03:00Z"
1399,"Central London LJA",8,1467,84,"2023-03-30",,"2023-05-19T11:18:25Z","2024-05-29T00:03:00Z"
1400,"South London LJA",8,1467,84,"2023-03-30",,"2023-05-19T11:18:25Z","2024-05-29T00:03:00Z"
1401,"South East London LJA",8,1467,84,"2023-03-30",,"2023-05-19T11:18:25Z","2024-05-29T00:03:00Z"
1402,"Northern Derbyshire LJA",8,1770,84,"2023-03-30",,"2023-05-19T11:18:25Z","2024-05-29T00:03:00Z"
1403,"Beds and Herts Recruitment Advisory Committee",9,1475,84,"2023-03-30",,"2023-05-19T11:18:25Z","2024-05-29T00:03:00Z"
1405,"Avon and Somerset and Gl'shire Recruitment AC",11,1686,84,"2023-03-30",,"2023-05-19T11:18:25Z","2024-05-29T00:03:00Z"
1408,"Bham, and Soli, Blk Ctry, Cov, Wrwk Recruitment AC",11,1682,84,"2023-03-30",,"2023-05-19T11:18:25Z","2024-05-29T00:03:00Z"
1409,"Cambridgeshire and Essex Recruitment AC",11,1775,84,"2023-03-30",,"2023-05-19T11:18:25Z","2024-05-29T00:03:00Z"
1412,"Cleveland and C D'ham and D'lngtn Recruitment AC",11,1683,84,"2023-03-30",,"2023-05-19T11:18:25Z","2024-05-29T00:03:00Z"
1413,"Derbyshire and Nottinghamshire Recruitment AC",11,1854,84,"2023-03-30",,"2023-05-19T11:18:25Z","2024-05-29T00:03:00Z"
1414,"Devon, Cornwall and Dorset Recruitment AC",11,1847,84,"2023-03-30",,"2023-05-19T11:18:25Z","2024-05-29T00:03:00Z"
1415,"Greater Manchester Recruitment AC",11,1927,84,"2023-03-30",,"2023-05-19T11:18:25Z","2024-05-29T00:03:00Z"
1416,"Hampshire, IoW and Wiltshire Recruitment AC",11,1916,84,"2023-03-30",,"2023-05-19T11:18:25Z","2024-05-29T00:03:00Z"
1417,"Humber and South Yorkshire Recruitment AC",11,1864,84,"2023-03-30",,"2023-05-19T11:18:25Z","2024-05-29T00:03:00Z"
1418,"Kent Recruitment AC",11,1897,84,"2023-03-30",,"2023-05-19T11:18:25Z","2024-05-29T00:03:00Z"
1419,"London Recruitment AC",11,1680,84,"2023-03-30",,"2023-05-19T11:18:25Z","2024-05-29T00:03:00Z"
1420,"Northampton, L'shire Rut, Lincs Recruitment AC",11,1944,84,"2023-03-30",,"2023-05-19T11:18:25Z","2024-05-29T00:03:00Z"
1421,"North and West Yorkshire Recruitment AC",11,1935,84,"2023-03-30",,"2023-05-19T11:18:25Z","2024-05-29T00:03:00Z"
1422,"Northumbria Recruitment AC",11,1992,84,"2023-03-30",,"2023-05-19T11:18:25Z","2024-05-29T00:03:00Z"
1423,"North Wales Recruitment AC",11,1687,84,"2023-03-30",,"2023-05-19T11:18:25Z","2024-05-29T00:03:00Z"
1424,"Suffolk and Norfolk Recruitment AC",11,1979,84,"2023-03-30",,"2023-05-19T11:18:25Z","2024-05-29T00:03:00Z"
1425,"Surrey and Sussex Recruitment AC",11,2011,84,"2023-03-30",,"2023-05-19T11:18:25Z","2024-05-29T00:03:00Z"
1426,"Midlands Regional Conduct AC",11,1896,84,"2023-03-30",,"2023-05-19T11:18:25Z","2024-05-29T00:03:00Z"
1427,"North East Regional Conduct AC",11,1941,84,"2023-03-30",,"2023-05-19T11:18:25Z","2024-05-29T00:03:00Z"
1428,"North West Regional Conduct AC",11,1951,84,"2023-03-30",,"2023-05-19T11:18:25Z","2024-05-29T00:03:00Z"
1429,"London Regional Conduct AC",11,1766,84,"2023-03-30",,"2023-05-19T11:18:25Z","2024-05-29T00:03:00Z"
1430,"South East Regional Conduct AC",11,1929,84,"2023-03-30",,"2023-05-19T11:18:25Z","2024-05-29T00:03:00Z"
1431,"South West Regional Conduct AC",11,1966,84,"2023-03-30",,"2023-05-19T11:18:25Z","2024-05-29T00:03:00Z"
1432,"Wales Regional Conduct AC",11,1899,84,"2023-03-30",,"2023-05-19T11:18:26Z","2024-05-29T00:03:00Z"
1433,"Central London Youth Court",9,1467,84,"2023-03-30",,"2023-05-19T11:18:26Z","2024-05-29T00:03:00Z"
1434,"Family Proceedings Court",9,1467,84,"2023-03-30",,"2023-05-19T11:18:26Z","2024-05-29T00:03:00Z"
1436,"Hampshire, Portsmouth and Southampton",16,1837,86,"2023-03-30",,"2023-05-19T11:18:26Z","2024-05-29T00:03:00Z"
1437,"Cheltenham Magistrates Court",2,1913,30,"2023-03-30",,"2023-05-19T11:18:26Z","2024-05-29T00:03:00Z"
1438,"Cleveland LJA",8,1477,84,"2023-03-30",,"2023-05-19T11:18:26Z","2024-05-29T00:03:00Z"
1439,"North Northumbria LJA.",8,1748,84,"2023-03-29","2023-03-29","2023-05-19T11:18:26Z","2024-07-13T00:02:37Z"
1440,"County Durham and Darlington LJA.",8,1699,84,"2023-03-29","2023-03-29","2023-05-19T11:18:26Z","2024-05-29T00:03:00Z"
1441,"North Yorkshire LJA.",8,1741,84,"2023-03-29","2023-03-29","2023-05-19T11:18:26Z","2024-07-13T00:02:37Z"
1442,"South Northumbria LJA.",8,1748,84,"2023-03-29","2023-03-29","2023-05-19T11:18:26Z","2024-05-29T00:03:00Z"
1443,"West Yorkshire LJA.",8,1741,84,"2023-03-29","2023-03-29","2023-05-19T11:18:26Z","2024-05-29T00:03:00Z"
1444,"Health Service Products Appeals Tribunal",4,1675,34,"2023-03-30",,"2023-05-19T11:18:26Z","2024-05-29T00:03:00Z"
1446,"Medway Magistrates Court",2,1886,30,"2023-03-30",,"2023-05-19T11:18:26Z","2024-05-29T00:03:00Z"
1448,"Aldershot Justice Centre - County",2,1913,30,"2023-03-30",,"2023-05-19T11:18:26Z","2024-05-29T00:03:00Z"
1449,"Doncaster Justice Centre North",2,1781,30,"2023-03-30",,"2023-05-19T11:18:26Z","2024-05-29T00:03:00Z"
1451,"Poole Magistrates Court",2,1913,30,"2023-03-30",,"2023-05-19T11:18:26Z","2024-05-29T00:03:00Z"
1452,"Newcastle Civil & Family Courts & Tribunals Centre",2,1781,30,"2023-03-30",,"2023-05-19T11:18:26Z","2024-05-29T00:03:00Z"
1453,"North Yorkshire and York (C)",16,1480,86,"2023-03-30",,"2023-05-19T11:18:26Z","2024-05-29T00:03:00Z"
1454,"Plant Varieties and Seeds Tribunal",4,1675,34,"2023-03-30",,"2023-05-19T11:18:26Z","2024-05-29T00:03:00Z"
1455,"Basingstoke Magistrates Court",2,1913,30,"2023-03-30",,"2023-05-19T11:18:26Z","2024-05-29T00:03:00Z"
1456,"Southend Magistrates Court",2,1886,30,"2023-03-30",,"2023-05-19T11:18:26Z","2024-05-29T00:03:00Z"
1457,"Newcastle Under Lyme Magistrates Court",2,1781,30,"2023-03-30",,"2023-05-19T11:18:26Z","2024-05-29T00:03:00Z"
1458,"Exeter Magistrates Court",2,1913,30,"2023-03-30","2023-09-11","2023-05-19T11:18:26Z","2024-05-29T00:03:00Z"
1459,"Bradford",10,2029,84,"2023-03-29","2023-03-29","2023-05-19T11:18:26Z","2024-05-29T00:03:00Z"
1460,"Luton Committee",13,1461,84,"2023-03-29","2023-03-29","2023-05-19T11:18:26Z","2024-05-29T00:03:00Z"
1461,"Luton",10,2025,84,"2023-03-29","2023-03-29","2023-05-19T11:18:26Z","2024-05-29T00:03:00Z"
1462,"Bristol",10,2010,84,"2023-03-29","2023-03-29","2023-05-19T11:18:26Z","2024-05-29T00:03:00Z"
1463,"Avon",10,1990,84,"2023-03-29","2023-03-29","2023-05-19T11:18:26Z","2024-05-29T00:03:00Z"
1464,"Avon and Somerset and Gloucestershire",10,1981,84,"2023-03-29","2023-03-29","2023-05-19T11:18:26Z","2024-05-29T00:03:00Z"
1465,"National",5,1135,34,"2023-03-29","2023-03-29","2023-05-19T11:18:26Z","2024-05-29T00:03:00Z"
1466,"London",6,,84,"2023-03-30",,"2023-05-19T11:18:26Z","2024-05-29T00:03:00Z"
1467,"London AC",7,1466,84,"2023-03-30",,"2023-05-19T11:18:26Z","2024-05-29T00:03:00Z"
1468,"South Powys",10,2192,84,"2023-03-29","2023-03-29","2023-05-19T11:18:26Z","2024-05-29T00:03:00Z"
1469,"North Wales AC",7,1965,84,"2023-03-30",,"2023-05-19T11:18:26Z","2024-05-29T00:03:00Z"
1470,"Tameside",10,2205,84,"2023-03-29","2023-03-29","2023-05-19T11:18:26Z","2024-05-29T00:03:00Z"
1471,"Bham and Solihull, Blk Ctry, Cov and Warwickshire",7,1681,84,"2023-03-30",,"2023-05-19T11:18:26Z","2024-05-29T00:03:00Z"
1472,"South Glamorgan",10,2191,84,"2023-03-29","2023-03-29","2023-05-19T11:18:26Z","2024-05-29T00:03:00Z"
1473,"Carmarthenshire",10,2047,84,"2023-03-29","2023-03-29","2023-05-19T11:18:26Z","2024-05-29T00:03:00Z"
1474,"Avon and Somerset and Gloucestershire",7,1924,84,"2023-03-30",,"2023-05-19T11:18:26Z","2024-05-29T00:03:00Z"
1475,"Bedfordshire and Hertfordshire AC",7,1895,84,"2023-03-30",,"2023-05-19T11:18:26Z","2024-05-29T00:03:00Z"
1476,"Cheshire and Merseyside AC",7,1862,84,"2023-03-30",,"2023-05-19T11:18:26Z","2024-05-29T00:03:00Z"
1477,"Cleveland and County Durham and Darlington",7,1779,84,"2023-03-30",,"2023-05-19T11:18:26Z","2024-05-29T00:03:00Z"
1478,"Old Berkshire",10,2206,84,"2023-03-29","2023-03-29","2023-05-19T11:18:26Z","2024-05-29T00:03:00Z"
1479,"Sunderland",10,2201,84,"2023-03-29","2023-03-29","2023-05-19T11:18:26Z","2024-05-29T00:03:00Z"
1480,"City and North Yorkshire County Council",15,2020,86,"2023-03-30",,"2023-05-19T11:18:26Z","2024-05-29T00:03:00Z"
1481,"South Cleveland",10,2190,84,"2023-03-29","2023-03-29","2023-05-19T11:18:26Z","2024-05-29T00:03:00Z"
1482,"London",1,,30,"2023-03-30",,"2023-05-19T11:18:26Z","2024-05-29T00:03:00Z"
1483,"Old Berkshire Committee",13,1478,84,"2023-03-29","2023-03-29","2023-05-19T11:18:26Z","2024-05-29T00:03:00Z"
1484,"Old Somerset Committee",13,1485,84,"2023-03-29","2023-03-29","2023-05-19T11:18:26Z","2024-05-29T00:03:00Z"
1485,"Old Somerset",10,2189,84,"2023-03-29","2023-03-29","2023-05-19T11:18:26Z","2024-05-29T00:03:00Z"
1486,"Solihull",10,2188,84,"2023-03-29","2023-03-29","2023-05-19T11:18:26Z","2024-05-29T00:03:00Z"
1487,"Durham County Council",15,1867,86,"2023-03-30",,"2023-05-19T11:18:26Z","2024-05-29T00:03:00Z"
1488,"Shropshire old Committee",13,1489,84,"2023-03-29","2023-03-29","2023-05-19T11:18:26Z","2024-05-29T00:03:00Z"
1489,"Shropshire old",10,2187,84,"2023-03-29","2023-03-29","2023-05-19T11:18:26Z","2024-05-29T00:03:00Z"
1490,"Sheffield",10,2186,84,"2023-03-29","2023-03-29","2023-05-19T11:18:26Z","2024-05-29T00:03:00Z"
1491,"West Bromwich",8,1755,84,"2023-03-29","2023-03-29","2023-05-19T11:18:26Z","2024-05-29T00:03:00Z"
1492,"Sandwell",10,2185,84,"2023-03-29","2023-03-29","2023-05-19T11:18:26Z","2024-05-29T00:03:00Z"
1493,"Salford",10,2184,84,"2023-03-29","2023-03-29","2023-05-19T11:18:26Z","2024-05-29T00:03:00Z"
1494,"Rotherham",10,2183,84,"2023-03-29","2023-03-29","2023-05-19T11:18:26Z","2024-05-29T00:03:00Z"
1495,"Welshpool",8,1496,84,"2023-03-29","2023-03-29","2023-05-19T11:18:26Z","2024-05-29T00:03:00Z"
1496,"Powys",7,2182,84,"2023-03-29","2023-03-29","2023-05-19T11:18:26Z","2024-05-29T00:03:00Z"
1497,"Pontefract",10,2181,84,"2023-03-29","2023-03-29","2023-05-19T11:18:26Z","2024-05-29T00:03:00Z"
1498,"Plymouth",10,2180,84,"2023-03-29","2023-03-29","2023-05-19T11:18:26Z","2024-05-29T00:03:00Z"
1499,"Stockport",10,2199,84,"2023-03-29","2023-03-29","2023-05-19T11:18:26Z","2024-05-29T00:03:00Z"
1500,"Trafford",10,2207,84,"2023-03-29","2023-03-29","2023-05-19T11:18:26Z","2024-05-29T00:03:00Z"
1501,"North Pembrokeshire",8,1753,84,"2023-03-29","2023-03-29","2023-05-19T11:18:26Z","2024-05-29T00:03:00Z"
1502,"Pembroke",10,2179,84,"2023-03-29","2023-03-29","2023-05-19T11:18:26Z","2024-05-29T00:03:01Z"
1503,"Walsall",10,2208,84,"2023-03-29","2023-03-29","2023-05-19T11:18:26Z","2024-05-29T00:03:01Z"
1504,"First Tier Tribunal",3,,34,"2023-03-30",,"2023-05-19T11:18:26Z","2024-05-29T00:03:01Z"
1505,"National",5,1028,34,"2023-03-30",,"2023-05-19T11:18:26Z","2024-05-29T00:03:01Z"
1506,"National",5,1029,34,"2023-03-30",,"2023-05-19T11:18:26Z","2024-05-29T00:03:01Z"
1507,"Birmingham",5,1030,34,"2023-03-30",,"2023-05-19T11:18:26Z","2024-05-29T00:03:01Z"
1508,"Suffolk",10,2200,84,"2023-03-29","2023-03-29","2023-05-19T11:18:26Z","2024-05-29T00:03:01Z"
1509,"Thame and Henley",8,1752,84,"2023-03-29","2023-03-29","2023-05-19T11:18:26Z","2024-05-29T00:03:01Z"
1510,"Old Oxfordshire Committee",13,1511,84,"2023-03-29","2023-03-29","2023-05-19T11:18:26Z","2024-05-29T00:03:01Z"
1511,"Old Oxfordshire",10,2178,84,"2023-03-29","2023-03-29","2023-05-19T11:18:26Z","2024-05-29T00:03:01Z"
1512,"Warwickshire",10,2209,84,"2023-03-29","2023-03-29","2023-05-19T11:18:26Z","2024-05-29T00:03:01Z"
1513,"Old Berkshire",7,2177,84,"2023-03-29","2023-03-29","2023-05-19T11:18:26Z","2024-05-29T00:03:01Z"
1514,"Nottinghamshire",10,2176,84,"2023-03-29","2023-03-29","2023-05-19T11:18:26Z","2024-05-29T00:03:01Z"
1515,"West Bromwich",10,2210,84,"2023-03-29","2023-03-29","2023-05-19T11:18:26Z","2024-05-29T00:03:01Z"
1516,"Nottingham",10,2175,84,"2023-03-29","2023-03-29","2023-05-19T11:18:26Z","2024-05-29T00:03:01Z"
1517,"Eastern",5,1031,34,"2023-03-30",,"2023-05-19T11:18:26Z","2024-05-29T00:03:01Z"
1518,"Surrey",10,2202,84,"2023-03-29","2023-03-29","2023-05-19T11:18:26Z","2024-05-29T00:03:01Z"
1519,"West Bromwich Committee",13,1515,84,"2023-03-29","2023-03-29","2023-05-19T11:18:26Z","2024-05-29T00:03:01Z"
1520,"Northumbria",10,2174,84,"2023-03-29","2023-03-29","2023-05-19T11:18:26Z","2024-05-29T00:03:01Z"
1521,"West Glamorgan",10,2211,84,"2023-03-29","2023-03-29","2023-05-19T11:18:26Z","2024-05-29T00:03:01Z"
1522,"Northamptonshire",10,2173,84,"2023-03-29","2023-03-29","2023-05-19T11:18:26Z","2024-05-29T00:03:01Z"
1523,"North Yorkshire",10,2172,84,"2023-03-29","2023-03-29","2023-05-19T11:18:26Z","2024-05-29T00:03:01Z"
1524,"Shropshire",10,2212,84,"2023-03-29","2023-03-29","2023-05-19T11:18:26Z","2024-05-29T00:03:01Z"
1525,"London",5,1032,34,"2023-03-30",,"2023-05-19T11:18:26Z","2024-05-29T00:03:01Z"
1526,"Stoke-on-Trent",10,2198,84,"2023-03-29","2023-03-29","2023-05-19T11:18:26Z","2024-05-29T00:03:01Z"
1527,"Meirionnydd L379",8,1744,84,"2023-03-29","2023-03-29","2023-05-19T11:18:26Z","2024-05-29T00:03:01Z"
1528,"North Wales",10,2171,84,"2023-03-29","2023-03-29","2023-05-19T11:18:26Z","2024-05-29T00:03:01Z"
1529,"North Tyneside",10,2170,84,"2023-03-29","2023-03-29","2023-05-19T11:18:26Z","2024-05-29T00:03:01Z"
1530,"North Sefton",10,2169,84,"2023-03-29","2023-03-29","2023-05-19T11:18:26Z","2024-05-29T00:03:01Z"
1531,"Bridgnorth",8,1785,84,"2023-03-29","2023-03-29","2023-05-19T11:18:26Z","2024-05-29T00:03:01Z"
1532,"North Powys",10,2168,84,"2023-03-29","2023-03-29","2023-05-19T11:18:26Z","2024-05-29T00:03:01Z"
1533,"Bath",5,1033,34,"2023-03-30",,"2023-05-19T11:18:26Z","2024-05-29T00:03:01Z"
1534,"St. Helens",10,2197,84,"2023-03-29","2023-03-29","2023-05-19T11:18:26Z","2024-05-29T00:03:01Z"
1535,"North and West Yorkshire",7,2167,84,"2023-03-29","2023-03-29","2023-05-19T11:18:26Z","2024-05-29T00:03:01Z"
1536,"North and West Yorkshire",10,2166,84,"2023-03-29","2023-03-29","2023-05-19T11:18:26Z","2024-05-29T00:03:01Z"
1537,"North and East London",10,2165,84,"2023-03-29","2023-03-29","2023-05-19T11:18:26Z","2024-05-29T00:03:01Z"
1538,"Norfolk",10,2164,84,"2023-03-29","2023-03-29","2023-05-19T11:18:26Z","2024-05-29T00:03:01Z"
1539,"Newcastle Upon Tyne",10,2163,84,"2023-03-29","2023-03-29","2023-05-19T11:18:26Z","2024-05-29T00:03:01Z"
1540,"Mid and South Glamorgan",10,2162,84,"2023-03-29","2023-03-29","2023-05-19T11:18:26Z","2024-05-29T00:03:01Z"
1541,"South Sefton",10,2161,84,"2023-03-29","2023-03-29","2023-05-19T11:18:26Z","2024-05-29T00:03:01Z"
1542,"Kingston-Upon-Thames",8,1736,84,"2023-03-29","2023-03-29","2023-05-19T11:18:26Z","2024-05-29T00:03:01Z"
1543,"London West",10,2160,84,"2023-03-29","2023-03-29","2023-05-19T11:18:26Z","2024-05-29T00:03:01Z"
1544,"West Yorkshire",10,2213,84,"2023-03-29","2023-03-29","2023-05-19T11:18:26Z","2024-05-29T00:03:01Z"
1545,"Lincolnshire",10,2159,84,"2023-03-29","2023-03-29","2023-05-19T11:18:26Z","2024-05-29T00:03:01Z"
1546,"Rutland",8,1733,84,"2023-03-29","2023-03-29","2023-05-19T11:18:26Z","2024-05-29T00:03:01Z"
1547,"Skyrack and Wetherby Sub Committee",12,1548,84,"2023-03-29","2023-03-29","2023-05-19T11:18:26Z","2024-05-29T00:03:01Z"
1548,"Leicestershire and Rutland",10,2158,84,"2023-03-29","2023-03-29","2023-05-19T11:18:26Z","2024-05-29T00:03:01Z"
1549,"Leicestershire and Rutland",10,2157,84,"2023-03-29","2023-03-29","2023-05-19T11:18:26Z","2024-05-29T00:03:01Z"
1550,"Leicester",10,2156,84,"2023-03-29","2023-03-29","2023-05-19T11:18:26Z","2024-05-29T00:03:01Z"
1551,"Leeds District",10,2155,84,"2023-03-29","2023-03-29","2023-05-19T11:18:26Z","2024-05-29T00:03:01Z"
1552,"Birmingham City Council",15,2014,86,"2023-03-30",,"2023-05-19T11:18:26Z","2024-05-29T00:03:01Z"
1553,"Fylde",8,1730,84,"2023-03-29","2023-03-29","2023-05-19T11:18:26Z","2024-05-29T00:03:01Z"
1554,"Lancashire",10,2154,84,"2023-03-29","2023-03-29","2023-05-19T11:18:26Z","2024-05-29T00:03:01Z"
1555,"Knowsley",10,2153,84,"2023-03-29","2023-03-29","2023-05-19T11:18:26Z","2024-05-29T00:03:01Z"
1556,"Kingston Upon Hull",10,2152,84,"2023-03-29","2023-03-29","2023-05-19T11:18:26Z","2024-05-29T00:03:01Z"
1557,"Kent",10,2151,84,"2023-03-29","2023-03-29","2023-05-19T11:18:26Z","2024-05-29T00:03:01Z"
1558,"Wiltshire",10,2214,84,"2023-03-29","2023-03-29","2023-05-19T11:18:26Z","2024-05-29T00:03:01Z"
1559,"Barnsley",10,2196,84,"2023-03-29","2023-03-29","2023-05-19T11:18:26Z","2024-05-29T00:03:01Z"
1560,"Ceredigion County Council",15,2000,86,"2023-03-30",,"2023-05-19T11:18:26Z","2024-05-29T00:03:01Z"
1561,"Isle of Wight",10,2150,84,"2023-03-29","2023-03-29","2023-05-19T11:18:26Z","2024-05-29T00:03:01Z"
1562,"Humber",7,2148,84,"2023-03-29","2023-03-29","2023-05-19T11:18:26Z","2024-05-29T00:03:01Z"
1563,"Humber",10,2146,84,"2023-03-29","2023-03-29","2023-05-19T11:18:26Z","2024-05-29T00:03:01Z"
1564,"Wolverhampton",10,2215,84,"2023-03-29","2023-03-29","2023-05-19T11:18:26Z","2024-05-29T00:03:01Z"
1565,"Hertfordshire",10,2145,84,"2023-03-29","2023-03-29","2023-05-19T11:18:26Z","2024-05-29T00:03:01Z"
1566,"Unknown",10,2216,84,"2023-03-29","2023-03-29","2023-05-19T11:18:26Z","2024-05-29T00:03:01Z"
1567,"East Sussex",10,2203,84,"2023-03-29","2023-03-29","2023-05-19T11:18:26Z","2024-05-29T00:03:01Z"
1568,"Bournemouth Borough Council",15,1984,86,"2023-03-30",,"2023-05-19T11:18:26Z","2024-05-29T00:03:01Z"
1569,"Hampshire and Isle of Wight",10,2143,84,"2023-03-29","2023-03-29","2023-05-19T11:18:26Z","2024-05-29T00:03:01Z"
1570,"East Midlands",14,,86,"2023-03-30",,"2023-05-19T11:18:26Z","2024-05-29T00:03:01Z"
1571,"Southampton and New Forest Committee",13,1809,84,"2023-03-29","2023-03-29","2023-05-19T11:18:26Z","2024-05-29T00:03:01Z"
1572,"North Hampshire Committee",13,1573,84,"2023-03-29","2023-03-29","2023-05-19T11:18:26Z","2024-05-29T00:03:01Z"
1573,"North Hampshire",10,2142,84,"2023-03-29","2023-03-29","2023-05-19T11:18:26Z","2024-05-29T00:03:01Z"
1574,"National",5,1034,34,"2023-03-30",,"2023-05-19T11:18:26Z","2024-05-29T00:03:01Z"
1575,"South West London",10,2195,84,"2023-03-29","2023-03-29","2023-05-19T11:18:26Z","2024-05-29T00:03:01Z"
1576,"National",5,1151,34,"2023-03-30",,"2023-05-19T11:18:26Z","2024-05-29T00:03:01Z"
1577,"National",5,1157,34,"2023-03-30",,"2023-05-19T11:18:26Z","2024-05-29T00:03:01Z"
1578,"Derbyshire County Council",15,1570,86,"2023-03-30",,"2023-05-19T11:18:26Z","2024-05-29T00:03:01Z"
1579,"National",5,1817,34,"2023-03-30",,"2023-05-19T11:18:26Z","2024-05-29T00:03:01Z"
1580,"National",5,1058,34,"2023-03-30",,"2023-05-19T11:18:26Z","2024-05-29T00:03:01Z"
1581,"Old Gwynedd Committee",13,1588,84,"2023-03-29","2023-03-29","2023-05-19T11:18:26Z","2024-05-29T00:03:01Z"
1582,"National",5,1880,34,"2023-03-30",,"2023-05-19T11:18:26Z","2024-05-29T00:03:01Z"
1583,"National",5,1137,34,"2023-03-30",,"2023-05-19T11:18:26Z","2024-05-29T00:03:01Z"
1584,"National",5,1138,34,"2023-03-30",,"2023-05-19T11:18:26Z","2024-05-29T00:03:01Z"
1585,"National",5,1035,34,"2023-03-30",,"2023-05-19T11:18:26Z","2024-05-29T00:03:01Z"
1586,"London Central",5,1036,34,"2023-03-30",,"2023-05-19T11:18:26Z","2024-05-29T00:03:01Z"
1587,"Neath Port Talbot L357",8,1630,84,"2023-03-29","2023-03-29","2023-05-19T11:18:26Z","2024-05-29T00:03:01Z"
1588,"Old Gwynedd",10,2141,84,"2023-03-29","2023-03-29","2023-05-19T11:18:26Z","2024-05-29T00:03:01Z"
1589,"Gwent",10,2140,84,"2023-03-29","2023-03-29","2023-05-19T11:18:26Z","2024-05-29T00:03:01Z"
1590,"Bolton",10,2138,84,"2023-03-29","2023-03-29","2023-05-19T11:18:26Z","2024-05-29T00:03:01Z"
1591,"Central and South London",7,2134,84,"2023-03-29","2023-03-29","2023-05-19T11:18:26Z","2024-05-29T00:03:01Z"
1592,"London West",7,2131,84,"2023-03-29","2023-03-29","2023-05-19T11:18:26Z","2024-05-29T00:03:01Z"
1593,"Cirencester",8,1717,84,"2023-03-29","2023-03-29","2023-05-19T11:18:26Z","2024-05-29T00:03:01Z"
1594,"Gloucestershire",10,2128,84,"2023-03-29","2023-03-29","2023-05-19T11:18:26Z","2024-05-29T00:03:01Z"
1595,"Bedford Borough Council",15,1719,86,"2023-03-30",,"2023-05-19T11:18:26Z","2024-05-29T00:03:01Z"
1596,"National",5,1037,34,"2023-03-30",,"2023-05-19T11:18:26Z","2024-05-29T00:03:01Z"
1597,"National",5,1038,34,"2023-03-30",,"2023-05-19T11:18:26Z","2024-05-29T00:03:01Z"
1598,"Gateshead",10,2124,84,"2023-03-29","2023-03-29","2023-05-19T11:18:26Z","2024-05-29T00:03:01Z"
1599,"National",5,2027,34,"2023-03-30",,"2023-05-19T11:18:26Z","2024-05-29T00:03:01Z"
1600,"National",5,1444,34,"2023-03-30",,"2023-05-19T11:18:26Z","2024-05-29T00:03:01Z"
1601,"National",5,1174,34,"2023-03-30",,"2023-05-19T11:18:26Z","2024-05-29T00:03:01Z"
1602,"National",5,1134,34,"2023-03-30",,"2023-05-19T11:18:26Z","2024-05-29T00:03:01Z"
1603,"National",5,1149,34,"2023-03-30",,"2023-05-19T11:18:26Z","2024-05-29T00:03:01Z"
1604,"National",5,1047,34,"2023-03-30",,"2023-05-19T11:18:26Z","2024-05-29T00:03:01Z"
1605,"National",5,1048,34,"2023-03-30",,"2023-05-19T11:18:26Z","2024-05-29T00:03:01Z"
1606,"National",5,1144,34,"2023-03-30",,"2023-05-19T11:18:26Z","2024-05-29T00:03:01Z"
1607,"National",5,1142,34,"2023-03-30",,"2023-05-19T11:18:26Z","2024-05-29T00:03:01Z"
1608,"National",5,1039,34,"2023-03-30",,"2023-05-19T11:18:26Z","2024-05-29T00:03:01Z"
1609,"National",5,1454,34,"2023-03-30",,"2023-05-19T11:18:26Z","2024-05-29T00:03:01Z"
1610,"National",5,1059,34,"2023-03-30",,"2023-05-19T11:18:26Z","2024-05-29T00:03:01Z"
1611,"National",5,1040,34,"2023-03-30",,"2023-05-19T11:18:26Z","2024-05-29T00:03:01Z"
1612,"National",5,1132,34,"2023-03-30",,"2023-05-19T11:18:26Z","2024-05-29T00:03:01Z"
1613,"Braintree and Halstead",8,1715,84,"2023-03-29","2023-03-29","2023-05-19T11:18:26Z","2024-05-29T00:03:01Z"
1614,"National",5,2085,34,"2023-03-30",,"2023-05-19T11:18:26Z","2024-05-29T00:03:01Z"
1615,"National",5,1145,34,"2023-03-30",,"2023-05-19T11:18:26Z","2024-05-29T00:03:01Z"
1616,"National",5,1133,34,"2023-03-30",,"2023-05-19T11:18:26Z","2024-05-29T00:03:01Z"
1617,"National",5,1143,34,"2023-03-30",,"2023-05-19T11:18:26Z","2024-05-29T00:03:01Z"
1618,"National",5,1041,34,"2023-03-30",,"2023-05-19T11:18:26Z","2024-05-29T00:03:01Z"
1619,"National",5,1049,34,"2023-03-30",,"2023-05-19T11:18:26Z","2024-05-29T00:03:01Z"
1620,"National",5,1139,34,"2023-03-30",,"2023-05-19T11:18:26Z","2024-05-29T00:03:01Z"
1621,"National",5,1146,34,"2023-03-30",,"2023-05-19T11:18:26Z","2024-05-29T00:03:01Z"
1622,"National",5,1140,34,"2023-03-30",,"2023-05-19T11:18:26Z","2024-05-29T00:03:01Z"
1623,"Essex",10,2122,84,"2023-03-29","2023-03-29","2023-05-19T11:18:26Z","2024-05-29T00:03:01Z"
1624,"National",5,2119,34,"2023-03-30",,"2023-05-19T11:18:27Z","2024-05-29T00:03:01Z"
1625,"East Sussex",10,2117,84,"2023-03-29","2023-03-29","2023-05-19T11:18:27Z","2024-05-29T00:03:01Z"
1626,"National",5,1042,34,"2023-03-30",,"2023-05-19T11:18:27Z","2024-05-29T00:03:01Z"
1627,"Field House (London)",5,1030,34,"2023-03-30",,"2023-05-19T11:18:27Z","2024-05-29T00:03:01Z"
1628,"National",5,1044,34,"2023-03-30",,"2023-05-19T11:18:27Z","2024-05-29T00:03:01Z"
1629,"Bath",5,1045,34,"2023-03-30",,"2023-05-19T11:18:27Z","2024-05-29T00:03:01Z"
1630,"South Wales",7,2194,84,"2023-03-29","2023-03-29","2023-05-19T11:18:27Z","2024-05-29T00:03:01Z"
1631,"De Maldwyn",8,1713,84,"2023-03-29","2023-03-29","2023-05-19T11:18:27Z","2024-05-29T00:03:01Z"
1632,"Powys",10,2116,84,"2023-03-29","2023-03-29","2023-05-19T11:18:27Z","2024-05-29T00:03:01Z"
1633,"Durham",10,2112,84,"2023-03-29","2023-03-29","2023-05-19T11:18:27Z","2024-05-29T00:03:01Z"
1634,"Bournemouth & Christchurch",10,2105,84,"2023-03-29","2023-03-29","2023-05-19T11:18:27Z","2024-05-29T00:03:01Z"
1635,"Devon and Cornwall",10,2102,84,"2023-03-29","2023-03-29","2023-05-19T11:18:27Z","2024-05-29T00:03:01Z"
1636,"Royal Courts of Justice",15,1786,86,"2023-03-30",,"2023-05-19T11:18:27Z","2024-05-29T00:03:01Z"
1637,"Devon",10,2097,84,"2023-03-29","2023-03-29","2023-05-19T11:18:27Z","2024-05-29T00:03:01Z"
1638,"South Hams",8,1639,84,"2023-03-29","2023-03-29","2023-05-19T11:18:27Z","2024-05-29T00:03:01Z"
1639,"Devon",7,2094,84,"2023-03-29","2023-03-29","2023-05-19T11:18:27Z","2024-05-29T00:03:01Z"
1640,"City of London Corporation",15,1827,86,"2023-03-30",,"2023-05-19T11:18:27Z","2024-05-29T00:03:01Z"
1641,"Glossop",8,1707,84,"2023-03-29","2023-03-29","2023-05-19T11:18:27Z","2024-05-29T00:03:01Z"
1642,"Derbyshire",10,2089,84,"2023-03-29","2023-03-29","2023-05-19T11:18:27Z","2024-05-29T00:03:01Z"
1643,"Cumbria",10,2088,84,"2023-03-29","2023-03-29","2023-05-19T11:18:27Z","2024-05-29T00:03:01Z"
1644,"Coventry and Warwickshire",10,2083,84,"2023-03-29","2023-03-29","2023-05-19T11:18:27Z","2024-05-29T00:03:01Z"
1645,"Coventry",10,2081,84,"2023-03-29","2023-03-29","2023-05-19T11:18:27Z","2024-05-29T00:03:01Z"
1646,"Old Cornwall Committee",13,1647,84,"2023-03-29","2023-03-29","2023-05-19T11:18:27Z","2024-05-29T00:03:01Z"
1647,"Old Cornwall",10,2077,84,"2023-03-29","2023-03-29","2023-05-19T11:18:27Z","2024-05-29T00:03:01Z"
1648,"Clwyd",10,2072,84,"2023-03-29","2023-03-29","2023-05-19T11:18:27Z","2024-05-29T00:03:01Z"
1649,"Cleveland and County Durham and Darlington",10,2065,84,"2023-03-29","2023-03-29","2023-05-19T11:18:27Z","2024-05-29T00:03:01Z"
1650,"North Cleveland",10,2063,84,"2023-03-29","2023-03-29","2023-05-19T11:18:27Z","2024-05-29T00:03:01Z"
1651,"South Tyneside",10,2193,84,"2023-03-29","2023-03-29","2023-05-19T11:18:27Z","2024-05-29T00:03:01Z"
1652,"Brighton and Hove City Council",15,1949,86,"2023-03-30","2023-03-31","2023-05-19T11:18:27Z","2024-05-29T00:03:01Z"
1653,"Cheshire",10,2060,84,"2023-03-29","2023-03-29","2023-05-19T11:18:27Z","2024-05-29T00:03:02Z"
1654,"City of Westminster Committee",13,1695,84,"2023-03-29","2023-03-29","2023-05-19T11:18:27Z","2024-05-29T00:03:02Z"
1655,"City of London Committee",13,1656,84,"2023-03-29","2023-03-29","2023-05-19T11:18:27Z","2024-05-29T00:03:02Z"
1656,"City of London",10,2057,84,"2023-03-29","2023-03-29","2023-05-19T11:18:27Z","2024-05-29T00:03:02Z"
1657,"Central and South London",10,2050,84,"2023-03-29","2023-03-29","2023-05-19T11:18:27Z","2024-05-29T00:03:02Z"
1658,"Cambridgeshire",10,2045,84,"2023-03-29","2023-03-29","2023-05-19T11:18:27Z","2024-05-29T00:03:02Z"
1659,"Buckinghamshire and Oxfordshire",7,2042,84,"2023-03-29","2023-03-29","2023-05-19T11:18:27Z","2024-05-29T00:03:02Z"
1660,"Black Country",10,2037,84,"2023-03-29","2023-03-29","2023-05-19T11:18:27Z","2024-05-29T00:03:02Z"
1661,"Birmingham and Solihull",10,2034,84,"2023-03-29","2023-03-29","2023-05-19T11:18:27Z","2024-05-29T00:03:02Z"
1662,"Sutton Coldfield",10,2204,84,"2023-03-29","2023-03-29","2023-05-19T11:18:27Z","2024-05-29T00:03:02Z"
1663,"Blackpool Council",15,1923,86,"2023-03-30",,"2023-05-19T11:18:27Z","2024-05-29T00:03:02Z"
1664,"Suffolk",7,2200,84,"2023-03-29","2023-03-29","2023-05-19T11:18:27Z","2024-05-29T00:03:02Z"
1665,"Midlands",1,,30,"2023-03-30",,"2023-05-19T11:18:27Z","2024-05-29T00:03:02Z"
1666,"City of Bradford Metropolitan District Council",15,2020,86,"2023-03-30",,"2023-05-19T11:18:27Z","2024-05-29T00:03:02Z"
1667,"Aldershot Justice Centre - Crown",2,1913,30,"2023-03-30",,"2023-05-19T11:18:27Z","2024-05-29T00:03:02Z"
1668,"Coventry City Council",15,2014,86,"2023-03-30",,"2023-05-19T11:18:27Z","2024-05-29T00:03:02Z"
1669,"Bradford",5,1030,34,"2023-03-30",,"2023-05-19T11:18:27Z","2024-05-29T00:03:02Z"
1670,"London",5,1031,34,"2023-03-30",,"2023-05-19T11:18:27Z","2024-05-29T00:03:02Z"
1671,"Midlands",5,1032,34,"2023-03-30",,"2023-05-19T11:18:27Z","2024-05-29T00:03:02Z"
1672,"Bedfordshire",5,1033,34,"2023-03-30",,"2023-05-19T11:18:27Z","2024-05-29T00:03:02Z"
1673,"City and County of Swansea",15,2000,86,"2023-03-30",,"2023-05-19T11:18:27Z","2024-05-29T00:03:02Z"
1674,"Bristol City Council",15,1984,86,"2023-03-30",,"2023-05-19T11:18:27Z","2024-05-29T00:03:02Z"
1675,"Other Tribunal",3,,34,"2023-03-30",,"2023-05-19T11:18:27Z","2024-05-29T00:03:02Z"
1676,"London East",5,1036,34,"2023-03-30",,"2023-05-19T11:18:27Z","2024-05-29T00:03:02Z"
1677,"Bedfordshire",5,1045,34,"2023-03-30",,"2023-05-19T11:18:27Z","2024-05-29T00:03:02Z"
1678,"Buckinghamshire County Council",15,1949,86,"2023-03-30",,"2023-05-19T11:18:27Z","2024-05-29T00:03:02Z"
1679,"Bolton Metropolitan Borough Council",15,1923,86,"2023-03-30",,"2023-05-19T11:18:27Z","2024-05-29T00:03:02Z"
1680,"London AC",10,1466,84,"2023-03-30",,"2023-05-19T11:18:27Z","2024-05-29T00:03:02Z"
1681,"Midlands",6,,84,"2023-03-30",,"2023-05-19T11:18:27Z","2024-05-29T00:03:02Z"
1682,"Bham and Solihull, Blk Ctry, Cov and Warwickshire",10,1681,84,"2023-03-30",,"2023-05-19T11:18:27Z","2024-05-29T00:03:02Z"
1683,"Cleveland and County Durham and Darlington",10,1779,84,"2023-03-30",,"2023-05-19T11:18:27Z","2024-05-29T00:03:02Z"
1684,"Cheshire and Merseyside AC",10,1862,84,"2023-03-30",,"2023-05-19T11:18:27Z","2024-05-29T00:03:02Z"
1685,"Cambridgeshire and Essex AC",7,1895,84,"2023-03-30",,"2023-05-19T11:18:27Z","2024-05-29T00:03:02Z"
1686,"Avon and Somerset and Gloucestershire",10,1924,84,"2023-03-30",,"2023-05-19T11:18:27Z","2024-05-29T00:03:02Z"
1687,"North Wales AC",10,1965,84,"2023-03-30",,"2023-05-19T11:18:27Z","2024-05-29T00:03:02Z"
1688,"Avon",10,2010,84,"2023-03-29","2023-03-29","2023-05-19T11:18:27Z","2024-05-29T00:03:02Z"
1689,"Bedfordshire",10,2025,84,"2023-03-29","2023-03-29","2023-05-19T11:18:27Z","2024-05-29T00:03:02Z"
1690,"North Cambridgeshire Sub Committee",12,1459,84,"2023-03-29","2023-03-29","2023-05-19T11:18:27Z","2024-05-29T00:03:02Z"
1691,"Birmingham and Solihull",7,2034,84,"2023-03-29","2023-03-29","2023-05-19T11:18:27Z","2024-05-29T00:03:02Z"
1692,"Black Country",7,2037,84,"2023-03-29","2023-03-29","2023-05-19T11:18:27Z","2024-05-29T00:03:02Z"
1693,"Cambridgeshire",7,2045,84,"2023-03-29","2023-03-29","2023-05-19T11:18:27Z","2024-05-29T00:03:02Z"
1694,"Central and South London",7,2050,84,"2023-03-29","2023-03-29","2023-05-19T11:18:27Z","2024-05-29T00:03:02Z"
1695,"City of Westminster",10,2057,84,"2023-03-29","2023-03-29","2023-05-19T11:18:27Z","2024-05-29T00:03:02Z"
1696,"Middlesborough Borough Council",15,1867,86,"2023-03-30",,"2023-05-19T11:18:27Z","2024-05-29T00:03:02Z"
1697,"Cheshire",7,2060,84,"2023-03-29","2023-03-29","2023-05-19T11:18:27Z","2024-05-29T00:03:02Z"
1698,"Cleveland",10,2063,84,"2023-03-29","2023-03-29","2023-05-19T11:18:27Z","2024-05-29T00:03:02Z"
1699,"Cleveland and County Durham and Darlington",7,2065,84,"2023-03-29","2023-03-29","2023-05-19T11:18:27Z","2024-05-29T00:03:02Z"
1700,"Clwyd",7,2072,84,"2023-03-29","2023-03-29","2023-05-19T11:18:27Z","2024-05-29T00:03:02Z"
1701,"Old Cornwall",7,2077,84,"2023-03-29","2023-03-29","2023-05-19T11:18:27Z","2024-05-29T00:03:02Z"
1702,"Coventry and Warwickshire",7,2083,84,"2023-03-29","2023-03-29","2023-05-19T11:18:27Z","2024-05-29T00:03:02Z"
1703,"Cumbria",7,2088,84,"2023-03-29","2023-03-29","2023-05-19T11:18:27Z","2024-05-29T00:03:02Z"
1704,"Keswick",8,1703,84,"2023-03-29","2023-03-29","2023-05-19T11:18:27Z","2024-05-29T00:03:02Z"
1705,"London Borough of Camden",15,1827,86,"2023-03-30",,"2023-05-19T11:18:27Z","2024-05-29T00:03:02Z"
1706,"East Derbyshire Sub Committee",12,1642,84,"2023-03-29","2023-03-29","2023-05-19T11:18:27Z","2024-05-29T00:03:02Z"
1707,"Derbyshire",7,2089,84,"2023-03-29","2023-03-29","2023-05-19T11:18:27Z","2024-05-29T00:03:02Z"
1708,"Devon",7,2097,84,"2023-03-29","2023-03-29","2023-05-19T11:18:27Z","2024-05-29T00:03:02Z"
1709,"Bideford and Great Torrington",8,1708,84,"2023-03-29","2023-03-29","2023-05-19T11:18:27Z","2024-05-29T00:03:02Z"
1710,"Devon and Cornwall",7,2102,84,"2023-03-29","2023-03-29","2023-05-19T11:18:27Z","2024-05-29T00:03:02Z"
1711,"Dorset",10,2105,84,"2023-03-29","2023-03-29","2023-05-19T11:18:27Z","2024-05-29T00:03:02Z"
1712,"Durham",7,2112,84,"2023-03-29","2023-03-29","2023-05-19T11:18:27Z","2024-05-29T00:03:02Z"
1713,"Powys",7,2116,84,"2023-03-29","2023-03-29","2023-05-19T11:18:27Z","2024-05-29T00:03:02Z"
1714,"East Sussex",7,2117,84,"2023-03-29","2023-03-29","2023-05-19T11:18:27Z","2024-05-29T00:03:02Z"
1715,"Essex",7,2122,84,"2023-03-29","2023-03-29","2023-05-19T11:18:27Z","2024-05-29T00:03:02Z"
1716,"Cambridgeshire County Council",15,1719,86,"2023-03-30",,"2023-05-19T11:18:27Z","2024-05-29T00:03:02Z"
1717,"Gloucestershire",7,2128,84,"2023-03-29","2023-03-29","2023-05-19T11:18:27Z","2024-05-29T00:03:02Z"
1718,"Forest of Dean",8,1717,84,"2023-03-29","2023-03-29","2023-05-19T11:18:27Z","2024-05-29T00:03:02Z"
1719,"East of England",14,,86,"2023-03-30",,"2023-05-19T11:18:27Z","2024-05-29T00:03:02Z"
1720,"Bury",10,2138,84,"2023-03-29","2023-03-29","2023-05-19T11:18:27Z","2024-05-29T00:03:02Z"
1721,"Gwent",7,2140,84,"2023-03-29","2023-03-29","2023-05-19T11:18:27Z","2024-05-29T00:03:02Z"
1722,"Old Gwynedd",7,2141,84,"2023-03-29","2023-03-29","2023-05-19T11:18:27Z","2024-05-29T00:03:02Z"
1723,"Leicester City Council",15,1570,86,"2023-03-30",,"2023-05-19T11:18:27Z","2024-05-29T00:03:02Z"
1724,"South & South East Hampshire",10,2142,84,"2023-03-29","2023-03-29","2023-05-19T11:18:27Z","2024-05-29T00:03:02Z"
1725,"Hampshire and Isle of Wight",7,2143,84,"2023-03-29","2023-03-29","2023-05-19T11:18:27Z","2024-05-29T00:03:02Z"
1726,"Hertfordshire",7,2145,84,"2023-03-29","2023-03-29","2023-05-19T11:18:27Z","2024-05-29T00:03:02Z"
1727,"Humber",7,2146,84,"2023-03-29","2023-03-29","2023-05-19T11:18:27Z","2024-05-29T00:03:02Z"
1728,"Wiltshire",7,2214,84,"2023-03-29","2023-03-29","2023-05-19T11:18:27Z","2024-05-29T00:03:02Z"
1729,"Kent",7,2151,84,"2023-03-29","2023-03-29","2023-05-19T11:18:27Z","2024-05-29T00:03:02Z"
1730,"Lancashire",7,2154,84,"2023-03-29","2023-03-29","2023-05-19T11:18:27Z","2024-05-29T00:03:02Z"
1731,"Leeds District",7,2155,84,"2023-03-29","2023-03-29","2023-05-19T11:18:27Z","2024-05-29T00:03:02Z"
1732,"Leicestershire and Rutland",7,2157,84,"2023-03-29",,"2023-05-19T11:18:27Z","2024-05-29T00:03:02Z"
1733,"Leicestershire and Rutland",7,2158,84,"2023-03-29","2023-03-29","2023-05-19T11:18:27Z","2024-05-29T00:03:02Z"
1734,"Batley and Dewsbury",10,2213,84,"2023-03-29","2023-03-29","2023-05-19T11:18:27Z","2024-05-29T00:03:02Z"
1735,"Lincolnshire",7,2159,84,"2023-03-29","2023-03-29","2023-05-19T11:18:27Z","2024-05-29T00:03:02Z"
1736,"London West",7,2160,84,"2023-03-29","2023-03-29","2023-05-19T11:18:27Z","2024-05-29T00:03:02Z"
1737,"Wirral",10,2161,84,"2023-03-29","2023-03-29","2023-05-19T11:18:27Z","2024-05-29T00:03:02Z"
1738,"Mid and South Glamorgan",7,2162,84,"2023-03-29","2023-03-29","2023-05-19T11:18:27Z","2024-05-29T00:03:02Z"
1739,"Norfolk",7,2164,84,"2023-03-29","2023-03-29","2023-05-19T11:18:27Z","2024-05-29T00:03:02Z"
1740,"North and East London",7,2165,84,"2023-03-29","2023-03-29","2023-05-19T11:18:27Z","2024-05-29T00:03:02Z"
1741,"North and West Yorkshire",7,2166,84,"2023-03-29","2023-03-29","2023-05-19T11:18:27Z","2024-05-29T00:03:02Z"
1742,"Telford",8,1785,84,"2023-03-29","2023-03-29","2023-05-19T11:18:27Z","2024-05-29T00:03:02Z"
1743,"West Mercia",10,2212,84,"2023-03-29","2023-03-29","2023-05-19T11:18:27Z","2024-05-29T00:03:02Z"
1744,"North Wales",7,2171,84,"2023-03-29","2023-03-29","2023-05-19T11:18:27Z","2024-05-29T00:03:02Z"
1745,"North Yorkshire",7,2172,84,"2023-03-29","2023-03-29","2023-05-19T11:18:27Z","2024-05-29T00:03:02Z"
1746,"West Glamorgan",7,2211,84,"2023-03-29","2023-03-29","2023-05-19T11:18:27Z","2024-05-29T00:03:02Z"
1747,"Northamptonshire",7,2173,84,"2023-03-29","2023-03-29","2023-05-19T11:18:27Z","2024-05-29T00:03:02Z"
1748,"Northumbria",7,2174,84,"2023-03-29","2023-03-29","2023-05-19T11:18:27Z","2024-05-29T00:03:02Z"
1749,"Nottinghamshire",7,2176,84,"2023-03-29","2023-03-29","2023-05-19T11:18:27Z","2024-05-29T00:03:02Z"
1750,"Aldridge and Brownhills",8,1749,84,"2023-03-29","2023-03-29","2023-05-19T11:18:27Z","2024-05-29T00:03:02Z"
1751,"Warwickshire",7,2209,84,"2023-03-29","2023-03-29","2023-05-19T11:18:27Z","2024-05-29T00:03:02Z"
1752,"Old Oxfordshire",7,2178,84,"2023-03-29","2023-03-29","2023-05-19T11:18:27Z","2024-05-29T00:03:02Z"
1753,"Pembroke",7,2179,84,"2023-03-29","2023-03-29","2023-05-19T11:18:27Z","2024-05-29T00:03:02Z"
1754,"South Pembrokeshire",8,1753,84,"2023-03-29","2023-03-29","2023-05-19T11:18:27Z","2024-05-29T00:03:02Z"
1755,"Sandwell",7,2185,84,"2023-03-29","2023-03-29","2023-05-19T11:18:27Z","2024-05-29T00:03:02Z"
1756,"Shropshire old",7,2187,84,"2023-03-29","2023-03-29","2023-05-19T11:18:27Z","2024-05-29T00:03:02Z"
1757,"Buckinghamshire",10,2206,84,"2023-03-29","2023-03-29","2023-05-19T11:18:27Z","2024-05-29T00:03:02Z"
1758,"Old Somerset",7,2189,84,"2023-03-29","2023-03-29","2023-05-19T11:18:27Z","2024-05-29T00:03:02Z"
1759,"Swansea County L358",8,1630,84,"2023-03-29","2023-03-29","2023-05-19T11:18:27Z","2024-05-29T00:03:02Z"
1760,"Sussex",10,2203,84,"2023-03-29","2023-03-29","2023-05-19T11:18:27Z","2024-05-29T00:03:02Z"
1761,"Doncaster",10,2196,84,"2023-03-29","2023-03-29","2023-05-19T11:18:27Z","2024-05-29T00:03:02Z"
1762,"Surrey",7,2202,84,"2023-03-29","2023-03-29","2023-05-19T11:18:27Z","2024-05-29T00:03:02Z"
1763,"Stoke-on-Trent",7,2198,84,"2023-03-29","2023-03-29","2023-05-19T11:18:27Z","2024-05-29T00:03:02Z"
1764,"Dunmow and Safron Walden",8,1715,84,"2023-03-29","2023-03-29","2023-05-19T11:18:27Z","2024-05-29T00:03:02Z"
1765,"South Wales AC",7,1965,84,"2023-03-30",,"2023-05-19T11:18:27Z","2024-05-29T00:03:02Z"
1766,"London",10,1466,84,"2023-03-30",,"2023-05-19T11:18:27Z","2024-05-29T00:03:02Z"
1767,"North West Surrey Sub Committee",12,1518,84,"2023-03-29","2023-03-29","2023-05-19T11:18:27Z","2024-05-29T00:03:02Z"
1768,"City of Westminster",7,2057,84,"2023-03-29","2023-03-29","2023-05-19T11:18:27Z","2024-05-29T00:03:02Z"
1769,"Devon, Cornwall and Dorset AC",7,1924,84,"2023-03-30",,"2023-05-19T11:18:27Z","2024-05-29T00:03:02Z"
1770,"Derbyshire and Nottinghamshire AC",7,1681,84,"2023-03-30",,"2023-05-19T11:18:27Z","2024-05-29T00:03:02Z"
1771,"Newark and Southwell Sub Committee",12,1514,84,"2023-03-29","2023-03-29","2023-05-19T11:18:27Z","2024-05-29T00:03:02Z"
1772,"London Borough of Croydon",15,1827,86,"2023-03-30",,"2023-05-19T11:18:27Z","2024-05-29T00:03:02Z"
1773,"Herefordshire Council",15,2014,86,"2023-03-30",,"2023-05-19T11:18:27Z","2024-05-29T00:03:02Z"
1774,"South Lakes",8,1703,84,"2023-03-29","2023-03-29","2023-05-19T11:18:27Z","2024-05-29T00:03:02Z"
1775,"Cambridgeshire and Essex AC",10,1895,84,"2023-03-30",,"2023-05-19T11:18:27Z","2024-05-29T00:03:02Z"
1776,"Cumbria and Lancashire AC",7,1862,84,"2023-03-30",,"2023-05-19T11:18:27Z","2024-05-29T00:03:02Z"
1777,"East Derbyshire",8,1707,84,"2023-03-29","2023-03-29","2023-05-19T11:18:27Z","2024-05-29T00:03:02Z"
1778,"Humber and South Yorkshire AC",7,1779,84,"2023-03-30",,"2023-05-19T11:18:27Z","2024-05-29T00:03:02Z"
1779,"North East",6,,84,"2023-03-30",,"2023-05-19T11:18:27Z","2024-05-29T00:03:02Z"
1780,"Midlands",5,1031,34,"2023-03-30",,"2023-05-19T11:18:27Z","2024-05-29T00:03:02Z"
1781,"North East",1,,30,"2023-03-30",,"2023-05-19T11:18:27Z","2024-05-29T00:03:02Z"
1782,"Cullompton",8,1708,84,"2023-03-29","2023-03-29","2023-05-19T11:18:27Z","2024-05-29T00:03:02Z"
1783,"Devon & Cornwall",7,2097,84,"2023-03-29","2023-03-29","2023-05-19T11:18:27Z","2024-05-29T00:03:02Z"
1784,"North East",5,1032,34,"2023-03-30",,"2023-05-19T11:18:27Z","2024-05-29T00:03:02Z"
1785,"Shropshire",7,2212,84,"2023-03-29","2023-03-29","2023-05-19T11:18:27Z","2024-05-29T00:03:02Z"
1786,"England and Wales",14,,86,"2023-03-30",,"2023-05-19T11:18:27Z","2024-05-29T00:03:02Z"
1787,"Belfast",5,1033,34,"2023-03-30",,"2023-05-19T11:18:27Z","2024-05-29T00:03:02Z"
1788,"Drayton",8,1785,84,"2023-03-29","2023-03-29","2023-05-19T11:18:27Z","2024-05-29T00:03:02Z"
1789,"Dorset",7,2105,84,"2023-03-29","2023-03-29","2023-05-19T11:18:27Z","2024-05-29T00:03:02Z"
1790,"Sussex",7,2203,84,"2023-03-29","2023-03-29","2023-05-19T11:18:27Z","2024-05-29T00:03:02Z"
1791,"Bedfordshire",7,2025,84,"2023-03-29","2023-03-29","2023-05-19T11:18:27Z","2024-05-29T00:03:02Z"
1792,"Belfast",5,1045,34,"2023-03-30",,"2023-05-19T11:18:27Z","2024-05-29T00:03:02Z"
1793,"Dyfed Powys",10,2116,84,"2023-03-29","2023-03-29","2023-05-19T11:18:27Z","2024-05-29T00:03:02Z"
1794,"Upper Tribunal",3,,34,"2023-03-30",,"2023-05-19T11:18:27Z","2024-05-29T00:03:02Z"
1795,"Blackwood Civil and Family Centre - Family",2,1970,30,"2023-03-30",,"2023-05-19T11:18:27Z","2024-05-29T00:03:02Z"
1796,"Essex County Council",15,1719,86,"2023-03-30",,"2023-05-19T11:18:27Z","2024-05-29T00:03:02Z"
1797,"Staffordshire",10,2198,84,"2023-03-29","2023-03-29","2023-05-19T11:18:27Z","2024-05-29T00:03:02Z"
1798,"Merseyside",10,2161,84,"2023-03-29","2023-03-29","2023-05-19T11:18:27Z","2024-05-29T00:03:02Z"
1799,"Doncaster MBC",15,2020,86,"2023-03-30",,"2023-05-19T11:18:27Z","2024-05-29T00:03:02Z"
1800,"Bradford",10,2213,84,"2023-03-29","2023-03-29","2023-05-19T11:18:27Z","2024-05-29T00:03:02Z"
1801,"Gloucester",8,1717,84,"2023-03-29","2023-03-29","2023-05-19T11:18:27Z","2024-05-29T00:03:02Z"
1802,"Oxfordshire",10,2206,84,"2023-03-29","2023-03-29","2023-05-19T11:18:27Z","2024-05-29T00:03:02Z"
1803,"Medway",8,1729,84,"2023-03-29","2023-03-29","2023-05-19T11:18:27Z","2024-05-29T00:03:02Z"
1804,"East Sussex County Council",15,1949,86,"2023-03-30",,"2023-05-19T11:18:27Z","2024-05-29T00:03:02Z"
1805,"Oldham",10,2138,84,"2023-03-29","2023-03-29","2023-05-19T11:18:27Z","2024-05-29T00:03:03Z"
1806,"Cleveland",7,2063,84,"2023-03-29","2023-03-29","2023-05-19T11:18:27Z","2024-05-29T00:03:03Z"
1807,"Denbighshire County Council",15,2000,86,"2023-03-30",,"2023-05-19T11:18:27Z","2024-05-29T00:03:03Z"
1808,"Cornwall Council",15,1984,86,"2023-03-30",,"2023-05-19T11:18:27Z","2024-05-29T00:03:03Z"
1809,"Southampton & New Forest",10,2142,84,"2023-03-29","2023-03-29","2023-05-19T11:18:27Z","2024-05-29T00:03:03Z"
1810,"Upper Rhymney Valley",8,1721,84,"2023-03-29","2023-03-29","2023-05-19T11:18:28Z","2024-05-29T00:03:03Z"
1811,"Shropshire",10,2187,84,"2023-03-29","2023-03-29","2023-05-19T11:18:28Z","2024-05-29T00:03:03Z"
1812,"Leicestershire County Council",15,1570,86,"2023-03-30",,"2023-05-19T11:18:28Z","2024-05-29T00:03:03Z"
1813,"London South",5,1036,34,"2023-03-30",,"2023-05-19T11:18:28Z","2024-05-29T00:03:03Z"
1814,"Avon and Somerset",10,2010,84,"2023-03-29","2023-03-29","2023-05-19T11:18:28Z","2024-05-29T00:03:03Z"
1815,"Dwyfor L352",8,1722,84,"2023-03-29","2023-03-29","2023-05-19T11:18:28Z","2024-05-29T00:03:03Z"
1816,"Ludlow old",8,1756,84,"2023-03-29","2023-03-29","2023-05-19T11:18:28Z","2024-05-29T00:03:03Z"
1817,"Assistant Surveillance Commissioners",4,1675,34,"2023-03-30",,"2023-05-19T11:18:28Z","2024-05-29T00:03:03Z"
1818,"South Yorkshire",10,2196,84,"2023-03-29","2023-03-29","2023-05-19T11:18:28Z","2024-05-29T00:03:03Z"
1819,"Glasgow (Scotland & NI)",5,1030,34,"2023-03-30",,"2023-05-19T11:18:28Z","2024-05-29T00:03:03Z"
1820,"Newcastle City Council",15,1867,86,"2023-03-30",,"2023-05-19T11:18:28Z","2024-05-29T00:03:03Z"
1821,"Cumbria County Council",15,1923,86,"2023-03-30",,"2023-05-19T11:18:28Z","2024-05-29T00:03:03Z"
1822,"Devon County Council",15,1984,86,"2023-03-30",,"2023-05-19T11:18:28Z","2024-05-29T00:03:03Z"
1823,"Lancashire County Council",15,1923,86,"2023-03-30",,"2023-05-19T11:18:28Z","2024-05-29T00:03:03Z"
1824,"Lincolnshire County Council",15,1570,86,"2023-03-30",,"2023-05-19T11:18:28Z","2024-05-29T00:03:03Z"
1825,"Midlands East",5,1036,34,"2023-03-30",,"2023-05-19T11:18:28Z","2024-05-29T00:03:03Z"
1826,"Calderdale",10,2213,84,"2023-03-29","2023-03-29","2023-05-19T11:18:28Z","2024-05-29T00:03:03Z"
1827,"London",14,,86,"2023-03-30",,"2023-05-19T11:18:28Z","2024-05-29T00:03:03Z"
1828,"North West Gwent",8,1721,84,"2023-03-29","2023-03-29","2023-05-19T11:18:28Z","2024-05-29T00:03:03Z"
1829,"Ludlow",8,1785,84,"2023-03-29","2023-03-29","2023-05-19T11:18:28Z","2024-05-29T00:03:03Z"
1830,"Hull City Council",15,2020,86,"2023-03-30",,"2023-05-19T11:18:28Z","2024-05-29T00:03:03Z"
1831,"Northern",5,1031,34,"2023-03-30",,"2023-05-19T11:18:28Z","2024-05-29T00:03:03Z"
1832,"North West",1,,30,"2023-03-30",,"2023-05-19T11:18:28Z","2024-05-29T00:03:03Z"
1833,"Haverhill and Sudbury",8,1664,84,"2023-03-29","2023-03-29","2023-05-19T11:18:28Z","2024-05-29T00:03:03Z"
1834,"Exmouth",8,1708,84,"2023-03-29","2023-03-29","2023-05-19T11:18:28Z","2024-05-29T00:03:03Z"
1835,"Avon and Somerset",7,2010,84,"2023-03-29","2023-03-29","2023-05-19T11:18:28Z","2024-05-29T00:03:03Z"
1836,"South Yorkshire",7,2196,84,"2023-03-29","2023-03-29","2023-05-19T11:18:28Z","2024-05-29T00:03:03Z"
1837,"Hampshire County Council",15,1949,86,"2023-03-30",,"2023-05-19T11:18:28Z","2024-05-29T00:03:03Z"
1838,"North West",5,1032,34,"2023-03-30",,"2023-05-19T11:18:28Z","2024-05-29T00:03:03Z"
1839,"North Tyneside Metropolitan Borough Council",15,1867,86,"2023-03-30","2024-06-23","2023-05-19T11:18:28Z","2024-06-25T00:02:53Z"
1840,"Merseyside",7,2161,84,"2023-03-29","2023-03-29","2023-05-19T11:18:28Z","2024-05-29T00:03:03Z"
1841,"Taunton Deane",8,1758,84,"2023-03-29","2023-03-29","2023-05-19T11:18:28Z","2024-05-29T00:03:03Z"
1842,"Staffordshire",7,2198,84,"2023-03-29","2023-03-29","2023-05-19T11:18:28Z","2024-05-29T00:03:03Z"
1843,"South Wales AC",10,1965,84,"2023-03-30",,"2023-05-19T11:18:28Z","2024-05-29T00:03:03Z"
1844,"West Mercia",7,2212,84,"2023-03-29","2023-03-29","2023-05-19T11:18:28Z","2024-05-29T00:03:03Z"
1845,"Barnstaple County Court",2,1913,30,"2023-03-30",,"2023-05-19T11:18:28Z","2024-05-29T00:03:03Z"
1846,"Berkshire",10,2206,84,"2023-03-29","2023-03-29","2023-05-19T11:18:28Z","2024-05-29T00:03:03Z"
1847,"Devon, Cornwall and Dorset AC",10,1924,84,"2023-03-30",,"2023-05-19T11:18:28Z","2024-05-29T00:03:03Z"
1848,"Cities of Westminster and London",10,2057,84,"2023-03-29","2023-03-29","2023-05-19T11:18:28Z","2024-05-29T00:03:03Z"
1849,"Berkshire",5,1033,34,"2023-03-30",,"2023-05-19T11:18:28Z","2024-05-29T00:03:03Z"
1850,"London Borough of Hammersmith and Fulham",15,1827,86,"2023-03-30",,"2023-05-19T11:18:28Z","2024-05-29T00:03:03Z"
1851,"Hatton Cross (London)",5,1030,34,"2023-03-30",,"2023-05-19T11:18:28Z","2024-05-29T00:03:03Z"
1852,"Berkshire",5,1045,34,"2023-03-30",,"2023-05-19T11:18:28Z","2024-05-29T00:03:03Z"
1853,"Gwynedd County Council",15,2000,86,"2023-03-30",,"2023-05-19T11:18:28Z","2024-05-29T00:03:03Z"
1854,"Derbyshire and Nottinghamshire AC",10,1681,84,"2023-03-30",,"2023-05-19T11:18:28Z","2024-05-29T00:03:03Z"
1855,"Mendip L369",8,1835,84,"2023-03-29","2023-03-29","2023-05-19T11:18:28Z","2024-05-29T00:03:03Z"
1856,"Kent AC",7,1895,84,"2023-03-30",,"2023-05-19T11:18:28Z","2024-05-29T00:03:03Z"
1857,"Rochdale Middleton & Heywood",10,2138,84,"2023-03-29","2023-03-29","2023-05-19T11:18:28Z","2024-05-29T00:03:03Z"
1858,"Sandwell Metropolitan Borough Council",15,2014,86,"2023-03-30",,"2023-05-19T11:18:28Z","2024-05-29T00:03:03Z"
1859,"Dyfed Powys",7,2116,84,"2023-03-29","2023-03-29","2023-05-19T11:18:28Z","2024-05-29T00:03:03Z"
1860,"Cumbria and Lancashire AC",10,1862,84,"2023-03-30",,"2023-05-19T11:18:28Z","2024-05-29T00:03:03Z"
1861,"Hertfordshire County Council",15,1719,86,"2023-03-30",,"2023-05-19T11:18:28Z","2024-05-29T00:03:03Z"
1862,"North West",6,,84,"2023-03-30",,"2023-05-19T11:18:28Z","2024-05-29T00:03:03Z"
1863,"North Gloucestershire",8,1717,84,"2023-03-29","2023-03-29","2023-05-19T11:18:28Z","2024-05-29T00:03:03Z"
1864,"Humber and South Yorkshire AC",10,1779,84,"2023-03-30",,"2023-05-19T11:18:28Z","2024-05-29T00:03:03Z"
1865,"South East Gwent",8,1721,84,"2023-03-29","2023-03-29","2023-05-19T11:18:28Z","2024-05-29T00:03:03Z"
1866,"Cities of Westminster and London",7,2057,84,"2023-03-29","2023-03-29","2023-05-19T11:18:28Z","2024-05-29T00:03:03Z"
1867,"North East",14,,86,"2023-03-30",,"2023-05-19T11:18:28Z","2024-05-29T00:03:03Z"
1868,"Isle of Wight Council",15,1949,86,"2023-03-30",,"2023-05-19T11:18:28Z","2024-05-29T00:03:03Z"
1869,"Rhuddlan",8,1700,84,"2023-03-29","2023-03-29","2023-05-19T11:18:28Z","2024-05-29T00:03:03Z"
1870,"London Borough of Haringey",15,1827,86,"2023-03-30",,"2023-05-19T11:18:28Z","2024-05-29T00:03:03Z"
1871,"Birmingham",5,1045,34,"2023-03-30",,"2023-05-19T11:18:28Z","2024-05-29T00:03:03Z"
1872,"Norfolk County Council",15,1719,86,"2023-03-30",,"2023-05-19T11:18:28Z","2024-05-29T00:03:03Z"
1873,"Buckinghamshire and Oxfordshire",10,2206,84,"2023-03-29","2023-03-29","2023-05-19T11:18:28Z","2024-05-29T00:03:03Z"
1874,"Harwich",8,1715,84,"2023-03-29","2023-03-29","2023-05-19T11:18:28Z","2024-05-29T00:03:03Z"
1875,"Shropshire Council",15,2014,86,"2023-03-30",,"2023-05-19T11:18:28Z","2024-05-29T00:03:03Z"
1876,"South Gloucestershire",8,1717,84,"2023-03-29","2023-03-29","2023-05-19T11:18:28Z","2024-05-29T00:03:03Z"
1877,"Northamptonshire County Council",15,1570,86,"2023-03-30",,"2023-05-19T11:18:28Z","2024-05-29T00:03:03Z"
1878,"Midlands West",5,1036,34,"2023-03-30",,"2023-05-19T11:18:28Z","2024-05-29T00:03:03Z"
1879,"Wigan & Leigh",10,2138,84,"2023-03-29","2023-03-29","2023-05-19T11:18:28Z","2024-05-29T00:03:03Z"
1880,"Conscientious Objectors",4,1675,34,"2023-03-30",,"2023-05-19T11:18:28Z","2024-05-29T00:03:03Z"
1881,"Gloucestershire County Council",15,1984,86,"2023-03-30",,"2023-05-19T11:18:28Z","2024-05-29T00:03:03Z"
1882,"Central Kent L416",8,1729,84,"2023-03-29","2023-03-29","2023-05-19T11:18:28Z","2024-05-29T00:03:03Z"
1883,"Newport City Council",15,2000,86,"2023-03-30",,"2023-05-19T11:18:28Z","2024-05-29T00:03:03Z"
1884,"Huddersfield",10,2213,84,"2023-03-29","2023-03-29","2023-05-19T11:18:28Z","2024-05-29T00:03:03Z"
1885,"West Somerset L234",8,1758,84,"2023-03-29","2023-03-29","2023-05-19T11:18:28Z","2024-05-29T00:03:03Z"
1886,"South East",1,,30,"2023-03-30",,"2023-05-19T11:18:28Z","2024-05-29T00:03:03Z"
1887,"Oswestry",8,1785,84,"2023-03-29","2023-03-29","2023-05-19T11:18:28Z","2024-05-29T00:03:03Z"
1888,"Birmingham",5,1033,34,"2023-03-30",,"2023-05-19T11:18:28Z","2024-05-29T00:03:03Z"
1889,"North East Lincolnshire Council",15,2020,86,"2023-03-30","2024-03-31","2023-05-19T11:18:28Z","2024-05-29T00:03:03Z"
1890,"Scotland",5,1032,34,"2023-03-30",,"2023-05-19T11:18:28Z","2024-05-29T00:03:03Z"
1891,"Boston County Court",2,1665,30,"2023-03-30",,"2023-05-19T11:18:28Z","2024-05-29T00:03:03Z"
1892,"South Eastern",5,1031,34,"2023-03-30",,"2023-05-19T11:18:28Z","2024-05-29T00:03:03Z"
1893,"North and West Yorkshire AC",7,1779,84,"2023-03-30",,"2023-05-19T11:18:28Z","2024-05-29T00:03:03Z"
1894,"Greater Manchester AC",7,1862,84,"2023-03-30",,"2023-05-19T11:18:28Z","2024-05-29T00:03:03Z"
1895,"South East",6,,84,"2023-03-30",,"2023-05-19T11:18:28Z","2024-05-29T00:03:03Z"
1896,"Midlands",10,1681,84,"2023-03-30",,"2023-05-19T11:18:28Z","2024-05-29T00:03:03Z"
1897,"Kent AC",10,1895,84,"2023-03-30",,"2023-05-19T11:18:28Z","2024-05-29T00:03:03Z"
1898,"Hampshire Isle of Wight and Wiltshire AC",7,1924,84,"2023-03-30",,"2023-05-19T11:18:28Z","2024-05-29T00:03:03Z"
1899,"Wales",10,1965,84,"2023-03-30",,"2023-05-19T11:18:28Z","2024-05-29T00:03:03Z"
1900,"Northumberland County Council",15,1867,86,"2023-03-30",,"2023-05-19T11:18:28Z","2024-05-29T00:03:03Z"
1901,"Manchester",5,1030,34,"2023-03-30",,"2023-05-19T11:18:28Z","2024-05-29T00:03:03Z"
1902,"Liverpool City Council",15,1923,86,"2023-03-30",,"2023-05-19T11:18:28Z","2024-05-29T00:03:03Z"
1903,"North West Suffolk",8,1664,84,"2023-03-29","2023-03-29","2023-05-19T11:18:28Z","2024-05-29T00:03:03Z"
1904,"Thames Valley",10,2206,84,"2023-03-29","2023-03-29","2023-05-19T11:18:28Z","2024-05-29T00:03:03Z"
1905,"South Western",5,1031,34,"2023-03-30",,"2023-05-19T11:18:28Z","2024-05-29T00:03:03Z"
1906,"Darlington County Court",2,1781,30,"2023-03-30",,"2023-05-19T11:18:28Z","2024-05-29T00:03:03Z"
1907,"Nthmptn, L'shire Rutland and Lincolnshire",7,1681,84,"2023-03-30",,"2023-05-19T11:18:28Z","2024-05-29T00:03:03Z"
1908,"Staffordshire County Council",15,2014,86,"2023-03-30",,"2023-05-19T11:18:28Z","2024-05-29T00:03:03Z"
1909,"Avon and Somerset and Gloucestershire LJA 2",8,1717,84,"2023-03-29","2023-03-29","2023-05-19T11:18:28Z","2024-05-29T00:03:03Z"
1910,"Greater Manchester",10,2138,84,"2023-03-29","2023-03-29","2023-05-19T11:18:28Z","2024-05-29T00:03:03Z"
1911,"Witney",8,1752,84,"2023-03-29","2023-03-29","2023-05-19T11:18:28Z","2024-05-29T00:03:03Z"
1912,"Plymouth County Council",15,1984,86,"2023-03-30","2024-03-31","2023-05-19T11:18:28Z","2024-05-29T00:03:03Z"
1913,"South West",1,,30,"2023-03-30",,"2023-05-19T11:18:28Z","2024-05-29T00:03:03Z"
1914,"London Borough of Southwark",15,1827,86,"2023-03-30",,"2023-05-19T11:18:28Z","2024-05-29T00:03:03Z"
1915,"St. Edmundsbury and Stowmarket",8,1664,84,"2023-03-29","2023-03-29","2023-05-19T11:18:28Z","2024-05-29T00:03:03Z"
1916,"Hampshire Isle of Wight and Wiltshire AC",10,1924,84,"2023-03-30",,"2023-05-19T11:18:28Z","2024-05-29T00:03:03Z"
1917,"Manchester City Council",15,1923,86,"2023-03-30",,"2023-05-19T11:18:28Z","2024-05-29T00:03:03Z"
1918,"East Kent L162",8,1729,84,"2023-03-29","2023-03-29","2023-05-19T11:18:28Z","2024-05-29T00:03:03Z"
1919,"Maldon and Witham",8,1715,84,"2023-03-29","2023-03-29","2023-05-19T11:18:28Z","2024-05-29T00:03:03Z"
1920,"Blackpool Magistrates Court",2,1832,30,"2023-03-30",,"2023-05-19T11:18:28Z","2024-05-29T00:03:03Z"
1921,"Shrewsbury",8,1785,84,"2023-03-29","2023-03-29","2023-05-19T11:18:28Z","2024-05-29T00:03:03Z"
1922,"Buckinghamshire",5,1033,34,"2023-03-30",,"2023-05-19T11:18:28Z","2024-05-29T00:03:03Z"
1923,"North West",14,,86,"2023-03-30",,"2023-05-19T11:18:28Z","2024-05-29T00:03:03Z"
1924,"South West",6,,84,"2023-03-30",,"2023-05-19T11:18:28Z","2024-05-29T00:03:03Z"
1925,"Kent County Council",15,1949,86,"2023-03-30",,"2023-05-19T11:18:28Z","2024-05-29T00:03:03Z"
1926,"Suffolk County Council",15,1719,86,"2023-03-30",,"2023-05-19T11:18:28Z","2024-05-29T00:03:03Z"
1927,"Greater Manchester AC",10,1862,84,"2023-03-30",,"2023-05-19T11:18:28Z","2024-05-29T00:03:03Z"
1928,"Buckinghamshire",5,1045,34,"2023-03-30",,"2023-05-19T11:18:28Z","2024-05-29T00:03:03Z"
1929,"South East",10,1895,84,"2023-03-30",,"2023-05-19T11:18:28Z","2024-05-29T00:03:03Z"
1930,"Pembrokeshire County Council",15,2000,86,"2023-03-30",,"2023-05-19T11:18:28Z","2024-05-29T00:03:03Z"
1931,"South East",5,1032,34,"2023-03-30",,"2023-05-19T11:18:28Z","2024-05-29T00:03:03Z"
1932,"Sheffield City Council",15,2020,86,"2023-03-30",,"2023-05-19T11:18:28Z","2024-05-29T00:03:03Z"
1933,"Newport (Wales)",5,1030,34,"2023-03-30",,"2023-05-19T11:18:28Z","2024-05-29T00:03:03Z"
1934,"Nottingham City Council",15,1570,86,"2023-03-30",,"2023-05-19T11:18:28Z","2024-05-29T00:03:03Z"
1935,"North and West Yorkshire AC",10,1779,84,"2023-03-30",,"2023-05-19T11:18:28Z","2024-05-29T00:03:03Z"
1936,"South Tyneside Metropolitan Borough Council",15,1867,86,"2023-03-30",,"2023-05-19T11:18:28Z","2024-05-29T00:03:03Z"
1937,"North East",5,1036,34,"2023-03-30",,"2023-05-19T11:18:28Z","2024-05-29T00:03:03Z"
1938,"Keighley",10,2213,84,"2023-03-29","2023-03-29","2023-05-19T11:18:28Z","2024-05-29T00:03:03Z"
1939,"Basingstoke Family Court",2,1913,30,"2023-03-30",,"2023-05-19T11:18:28Z","2024-05-29T00:03:03Z"
1940,"Old Berkshire",7,2206,84,"2023-03-29","2023-03-29","2023-05-19T11:18:28Z","2024-05-29T00:03:03Z"
1941,"North East",10,1779,84,"2023-03-30",,"2023-05-19T11:18:28Z","2024-05-29T00:03:03Z"
1942,"South West",5,1032,34,"2023-03-30",,"2023-05-19T11:18:28Z","2024-05-29T00:03:03Z"
1943,"Wakefield",10,2213,84,"2023-03-29","2023-03-29","2023-05-19T11:18:28Z","2024-05-29T00:03:03Z"
1944,"Nthmptn, L'shire Rutland and Lincolnshire",10,1681,84,"2023-03-30",,"2023-05-19T11:18:28Z","2024-05-29T00:03:03Z"
1945,"Suffolk and Norfolk AC",7,1895,84,"2023-03-30",,"2023-05-19T11:18:28Z","2024-05-29T00:03:03Z"
1946,"Rochdale Metropolitan Borough Council",15,1923,86,"2023-03-30",,"2023-05-19T11:18:28Z","2024-05-29T00:03:03Z"
1947,"Telford and Bridgnorth",8,1785,84,"2023-03-29","2023-03-29","2023-05-19T11:18:28Z","2024-05-29T00:03:03Z"
1948,"North West",5,1036,34,"2023-03-30",,"2023-05-19T11:18:28Z","2024-05-29T00:03:03Z"
1949,"South East",14,,86,"2023-03-30",,"2023-05-19T11:18:28Z","2024-05-29T00:03:03Z"
1950,"East Kent L171",8,1729,84,"2023-03-29","2023-03-29","2023-05-19T11:18:28Z","2024-05-29T00:03:03Z"
1951,"North West",10,1862,84,"2023-03-30",,"2023-05-19T11:18:28Z","2024-05-29T00:03:03Z"
1952,"Rhondda Cynon Taff County Borough Council",15,2000,86,"2023-03-30",,"2023-05-19T11:18:28Z","2024-05-29T00:03:03Z"
1953,"Cambridge",5,1033,34,"2023-03-30",,"2023-05-19T11:18:28Z","2024-05-29T00:03:03Z"
1954,"Sunderland City Council",15,1867,86,"2023-03-30",,"2023-05-19T11:18:28Z","2024-05-29T00:03:03Z"
1955,"Somerset County Council",15,1984,86,"2023-03-30",,"2023-05-19T11:18:28Z","2024-05-29T00:03:03Z"
1956,"Salford",7,2138,84,"2023-03-29","2023-03-29","2023-05-19T11:18:28Z","2024-05-29T00:03:03Z"
1957,"Cambridge",5,1045,34,"2023-03-30",,"2023-05-19T11:18:28Z","2024-05-29T00:03:03Z"
1958,"Stoke-on-Trent City Council",15,2014,86,"2023-03-30","2024-12-02","2023-05-19T11:18:28Z","2024-12-04T01:00:47Z"
1959,"Milton Keynes Council",15,1949,86,"2023-03-30",,"2023-05-19T11:18:28Z","2024-05-29T00:03:03Z"
1960,"Wakefield Metropolitan District Council",15,2020,86,"2023-03-30",,"2023-05-19T11:18:28Z","2024-05-29T00:03:03Z"
1961,"London Borough of Waltham Forest",15,1827,86,"2023-03-30",,"2023-05-19T11:18:28Z","2024-05-29T00:03:03Z"
1962,"Southern",5,1031,34,"2023-03-30",,"2023-05-19T11:18:28Z","2024-05-29T00:03:03Z"
1963,"Unknown",1,,30,"2023-03-30",,"2023-05-19T11:18:28Z","2024-05-29T00:03:03Z"
1964,"North Shields",5,1030,34,"2023-03-30","2023-12-05","2023-05-19T11:18:28Z","2024-05-29T00:03:03Z"
1965,"Wales",6,,84,"2023-03-30",,"2023-05-19T11:18:28Z","2024-05-29T00:03:03Z"
1966,"South West",10,1924,84,"2023-03-30",,"2023-05-19T11:18:28Z","2024-05-29T00:03:03Z"
1967,"Chepstow",5,1033,34,"2023-03-30",,"2023-05-19T11:18:28Z","2024-05-29T00:03:03Z"
1968,"Batley and Dewsbury",7,2213,84,"2023-03-29","2023-03-29","2023-05-19T11:18:28Z","2024-05-29T00:03:03Z"
1969,"South East",5,1036,34,"2023-03-30",,"2023-05-19T11:18:28Z","2024-05-29T00:03:03Z"
1970,"Wales",1,,30,"2023-03-30",,"2023-05-19T11:18:28Z","2024-05-29T00:03:03Z"
1971,"Wales",5,1032,34,"2023-03-30",,"2023-05-19T11:18:28Z","2024-05-29T00:03:03Z"
1972,"Chepstow",5,1045,34,"2023-03-30",,"2023-05-19T11:18:28Z","2024-05-29T00:03:03Z"
1973,"Yorkshire & Humberside",5,1031,34,"2023-03-30",,"2023-05-19T11:18:28Z","2024-05-29T00:03:04Z"
1974,"City of York Council",15,2020,86,"2023-03-29","2023-03-29","2023-05-19T11:18:28Z","2024-05-29T00:03:04Z"
1975,"West Mercia and Staffordshire AC",7,1681,84,"2023-03-30",,"2023-05-19T11:18:28Z","2024-05-29T00:03:04Z"
1976,"Northumbria AC",7,1779,84,"2023-03-30",,"2023-05-19T11:18:28Z","2024-05-29T00:03:04Z"
1977,"Berkshire",7,2206,84,"2023-03-29","2023-03-29","2023-05-19T11:18:28Z","2024-05-29T00:03:04Z"
1978,"Nottingham",5,1030,34,"2023-03-30",,"2023-05-19T11:18:28Z","2024-05-29T00:03:04Z"
1979,"Suffolk and Norfolk AC",10,1895,84,"2023-03-30",,"2023-05-19T11:18:28Z","2024-05-29T00:03:04Z"
1980,"Sefton Metropolitan Borough Council",15,1923,86,"2023-03-30",,"2023-05-19T11:18:28Z","2024-05-29T00:03:04Z"
1981,"Avon and Somerset and Gloucestershire",6,,84,"2023-03-29","2023-03-29","2023-05-19T11:18:29Z","2024-05-29T00:03:04Z"
1982,"Westminster City Council",15,1827,86,"2023-03-30",,"2023-05-19T11:18:29Z","2024-05-29T00:03:04Z"
1983,"Oxfordshire County Council",15,1949,86,"2023-03-30",,"2023-05-19T11:18:29Z","2024-05-29T00:03:04Z"
1984,"South West",14,,86,"2023-03-30",,"2023-05-19T11:18:29Z","2024-05-29T00:03:04Z"
1985,"Warwickshire County Council",15,2014,86,"2023-03-30",,"2023-05-19T11:18:29Z","2024-05-29T00:03:04Z"
1986,"Rochdale Middleton & Heywood",7,2138,84,"2023-03-29","2023-03-29","2023-05-19T11:18:29Z","2024-05-29T00:03:04Z"
1987,"Wiltshire Council",15,1984,86,"2023-03-30",,"2023-05-19T11:18:29Z","2024-05-29T00:03:04Z"
1988,"Reading Borough Council",15,1949,86,"2023-03-30",,"2023-05-19T11:18:29Z","2024-05-29T00:03:04Z"
1989,"Doncaster Justice Centre South",2,1781,30,"2023-03-30",,"2023-05-19T11:18:29Z","2024-05-29T00:03:04Z"
1990,"Avon",6,,84,"2023-03-29","2023-03-29","2023-05-19T11:18:29Z","2024-05-29T00:03:04Z"
1991,"Worcestershire County Court",15,2014,86,"2023-03-30",,"2023-05-19T11:18:29Z","2024-05-29T00:03:04Z"
1992,"Northumbria AC",10,1779,84,"2023-03-30",,"2023-05-19T11:18:29Z","2024-05-29T00:03:04Z"
1993,"South West",5,1036,34,"2023-03-30",,"2023-05-19T11:18:29Z","2024-05-29T00:03:04Z"
1994,"Surrey and Sussex AC",7,1895,84,"2023-03-30",,"2023-05-19T11:18:29Z","2024-05-29T00:03:04Z"
1995,"Cheshire",5,1045,34,"2023-03-30",,"2023-05-19T11:18:29Z","2024-05-29T00:03:04Z"
1996,"Greater Manchester",7,2138,84,"2023-03-29","2023-03-29","2023-05-19T11:18:29Z","2024-05-29T00:03:04Z"
1997,"NE Circuit",1,,30,"2023-03-29","2023-03-29","2023-05-19T11:18:29Z","2024-05-29T00:03:04Z"
1998,"North Yorkshire County Council",15,2020,86,"2023-03-29","2023-03-29","2023-05-19T11:18:29Z","2024-05-29T00:03:04Z"
1999,"South East Cornwall",8,1701,84,"2023-03-29","2023-03-29","2023-05-19T11:18:29Z","2024-05-29T00:03:04Z"
2000,"Wales",14,,86,"2023-03-30",,"2023-05-19T11:18:29Z","2024-05-29T00:03:04Z"
2001,"Cheshire",5,1033,34,"2023-03-30",,"2023-05-19T11:18:29Z","2024-05-29T00:03:04Z"
2002,"West Yorkshire",7,2213,84,"2023-03-29","2023-03-29","2023-05-19T11:18:29Z","2024-05-29T00:03:04Z"
2003,"Stockport Metropolitan Borough Council",15,1923,86,"2023-03-30",,"2023-05-19T11:18:29Z","2024-05-29T00:03:04Z"
2004,"Stoke",5,1030,34,"2023-03-30",,"2023-05-19T11:18:29Z","2024-05-29T00:03:04Z"
2005,"West Mercia and Staffordshire AC",10,1681,84,"2023-03-30",,"2023-05-19T11:18:29Z","2024-05-29T00:03:04Z"
2006,"Thames Valley",7,2206,84,"2023-03-29","2023-03-29","2023-05-19T11:18:29Z","2024-05-29T00:03:04Z"
2007,"SE Circuit",1,,30,"2023-03-29","2023-03-29","2023-05-19T11:18:29Z","2024-05-29T00:03:04Z"
2008,"Dorset",5,1033,34,"2023-03-30",,"2023-05-19T11:18:29Z","2024-05-29T00:03:04Z"
2009,"Warrington Borough Council",15,1923,86,"2023-03-30",,"2023-05-19T11:18:29Z","2024-05-29T00:03:04Z"
2010,"Avon and Somerset",6,,84,"2023-03-29","2023-03-29","2023-05-19T11:18:29Z","2024-05-29T00:03:04Z"
2011,"Surrey and Sussex AC",10,1895,84,"2023-03-30",,"2023-05-19T11:18:29Z","2024-05-29T00:03:04Z"
2012,"Taylor House (London)",5,1030,34,"2023-03-30",,"2023-05-19T11:18:29Z","2024-05-29T00:03:04Z"
2013,"Surrey County Council",15,1949,86,"2023-03-30",,"2023-05-19T11:18:29Z","2024-05-29T00:03:04Z"
2014,"West Midlands",14,,86,"2023-03-30",,"2023-05-19T11:18:29Z","2024-05-29T00:03:04Z"
2015,"Dorset",5,1045,34,"2023-03-30",,"2023-05-19T11:18:29Z","2024-05-29T00:03:04Z"
2016,"Coventry Magistrates Court",2,1665,30,"2023-03-30",,"2023-05-19T11:18:29Z","2024-05-29T00:03:04Z"
2017,"Wales",5,1036,34,"2023-03-30",,"2023-05-19T11:18:29Z","2024-05-29T00:03:04Z"
2018,"Dunfermline",5,1045,34,"2023-03-30",,"2023-05-19T11:18:29Z","2024-05-29T00:03:04Z"
2019,"Carmarthen Law Courts - Family",2,1970,30,"2023-03-30",,"2023-05-19T11:18:29Z","2024-05-29T00:03:04Z"
2020,"Yorkshire and the Humber",14,,86,"2023-03-30",,"2023-05-19T11:18:29Z","2024-05-29T00:03:04Z"
2021,"Thames Valley AC",7,1895,84,"2023-03-30",,"2023-05-19T11:18:29Z","2024-05-29T00:03:04Z"
2022,"Dunfermline",5,1033,34,"2023-03-30",,"2023-05-19T11:18:29Z","2024-05-29T00:03:04Z"
2023,"Wales Circuit",1,,30,"2023-03-29","2023-03-29","2023-05-19T11:18:29Z","2024-05-29T00:03:04Z"
2024,"West Sussex County Council",15,1949,86,"2023-03-30",,"2023-05-19T11:18:29Z","2024-05-29T00:03:04Z"
2025,"Bedfordshire",6,,84,"2023-03-29","2023-03-29","2023-05-19T11:18:29Z","2024-05-29T00:03:04Z"
2026,"Thames Valley AC",10,1895,84,"2023-03-30",,"2023-05-19T11:18:29Z","2024-05-29T00:03:04Z"
2027,"Health Medicine's Tribunal",4,1675,34,"2023-03-30",,"2023-05-19T11:18:29Z","2024-05-29T00:03:04Z"
2028,"East Sussex",5,1033,34,"2023-03-30",,"2023-05-19T11:18:29Z","2024-05-29T00:03:04Z"
2029,"Bradford",6,,84,"2023-03-29","2023-03-29","2023-05-19T11:18:29Z","2024-05-29T00:03:04Z"
2030,"East Sussex",5,1045,34,"2023-03-30",,"2023-05-19T11:18:29Z","2024-05-29T00:03:04Z"
2031,"Western Circuit",1,,30,"2023-03-29","2023-03-29","2023-05-19T11:18:29Z","2024-05-29T00:03:04Z"
2032,"Wyre LJA",8,1730,84,"2023-03-29","2023-03-29","2023-05-19T11:18:29Z","2024-05-29T00:03:04Z"
2033,"Edinburgh",5,1033,34,"2023-03-30",,"2023-05-19T11:18:29Z","2024-05-29T00:03:04Z"
2034,"Birmingham and Solihull",6,,84,"2023-03-29","2023-03-29","2023-05-19T11:18:29Z","2024-05-29T00:03:04Z"
2035,"Edinburgh",5,1045,34,"2023-03-30",,"2023-05-19T11:18:29Z","2024-05-29T00:03:04Z"
2036,"Llandrindod Wells Justice Centre - Family",2,1970,30,"2023-03-30",,"2023-05-19T11:18:29Z","2024-05-29T00:03:04Z"
2037,"Black Country",6,,84,"2023-03-29","2023-03-29","2023-05-19T11:18:29Z","2024-05-29T00:03:04Z"
2038,"Essex",5,1045,34,"2023-03-30",,"2023-05-19T11:18:29Z","2024-05-29T00:03:04Z"
2039,"Essex",5,1033,34,"2023-03-30",,"2023-05-19T11:18:29Z","2024-05-29T00:03:04Z"
2040,"Exeter",5,1045,34,"2023-03-30",,"2023-05-19T11:18:29Z","2024-05-29T00:03:04Z"
2041,"Exeter",5,1033,34,"2023-03-30",,"2023-05-19T11:18:29Z","2024-05-29T00:03:04Z"
2042,"Buckinghamshire and Oxfordshire",6,,84,"2023-03-29","2023-03-29","2023-05-19T11:18:29Z","2024-05-29T00:03:04Z"
2043,"Llandudno Magistrates Court",2,1970,30,"2023-03-30",,"2023-05-19T11:18:29Z","2024-05-29T00:03:04Z"
2044,"Fife",5,1045,34,"2023-03-30",,"2023-05-19T11:18:29Z","2024-05-29T00:03:04Z"
2045,"Cambridgeshire",6,,84,"2023-03-29","2023-03-29","2023-05-19T11:18:29Z","2024-05-29T00:03:04Z"
2046,"Fife",5,1033,34,"2023-03-30",,"2023-05-19T11:18:29Z","2024-05-29T00:03:04Z"
2047,"Carmarthenshire",6,,84,"2023-03-29","2023-03-29","2023-05-19T11:18:29Z","2024-05-29T00:03:04Z"
2048,"Gloucestershire",5,1033,34,"2023-03-30",,"2023-05-19T11:18:29Z","2024-05-29T00:03:04Z"
2049,"Gloucestershire",5,1045,34,"2023-03-30",,"2023-05-19T11:18:29Z","2024-05-29T00:03:04Z"
2050,"Central and South London",6,,84,"2023-03-29","2023-03-29","2023-05-19T11:18:29Z","2024-05-29T00:03:04Z"
2051,"Hampshire",5,1033,34,"2023-03-30",,"2023-05-19T11:18:29Z","2024-05-29T00:03:04Z"
2052,"Merthyr Tydfil Combined Court - Crown",2,1970,30,"2023-03-30",,"2023-05-19T11:18:29Z","2024-05-29T00:03:04Z"
2053,"Hampshire",5,1045,34,"2023-03-30",,"2023-05-19T11:18:29Z","2024-05-29T00:03:04Z"
2054,"Great Yarmouth Family Court",2,1886,30,"2023-03-30",,"2023-05-19T11:18:29Z","2024-05-29T00:03:04Z"
2055,"Hertfordshire",5,1045,34,"2023-03-30",,"2023-05-19T11:18:29Z","2024-05-29T00:03:04Z"
2056,"Hertfordshire",5,1033,34,"2023-03-30",,"2023-05-19T11:18:29Z","2024-05-29T00:03:04Z"
2057,"Central London",6,,84,"2023-03-29","2023-03-29","2023-05-19T11:18:29Z","2024-05-29T00:03:04Z"
2058,"Kent",5,1045,34,"2023-03-30",,"2023-05-19T11:18:29Z","2024-05-29T00:03:04Z"
2059,"Kent",5,1033,34,"2023-03-30",,"2023-05-19T11:18:29Z","2024-05-29T00:03:04Z"
2060,"Cheshire",6,,84,"2023-03-29","2023-03-29","2023-05-19T11:18:29Z","2024-05-29T00:03:04Z"
2061,"Lancashire",5,1045,34,"2023-03-30",,"2023-05-19T11:18:29Z","2024-05-29T00:03:04Z"
2062,"Lancashire",5,1033,34,"2023-03-30",,"2023-05-19T11:18:29Z","2024-05-29T00:03:04Z"
2063,"Cleveland",6,,84,"2023-03-29","2023-03-29","2023-05-19T11:18:29Z","2024-05-29T00:03:04Z"
2064,"London",5,1033,34,"2023-03-30",,"2023-05-19T11:18:29Z","2024-05-29T00:03:04Z"
2065,"Cleveland and County Durham and Darling",6,,84,"2023-03-29","2023-03-29","2023-05-19T11:18:29Z","2024-05-29T00:03:04Z"
2066,"Newport IOW Combined Court - County",2,1913,30,"2023-03-30",,"2023-05-19T11:18:29Z","2024-05-29T00:03:04Z"
2067,"Mansfield County Court",2,1665,30,"2023-03-30",,"2023-05-19T11:18:29Z","2024-05-29T00:03:04Z"
2068,"London",5,1045,34,"2023-03-30",,"2023-05-19T11:18:29Z","2024-05-29T00:03:04Z"
2069,"Neath & Port Talbot County Court",2,1970,30,"2023-03-30",,"2023-05-19T11:18:29Z","2024-05-29T00:03:04Z"
2070,"Newport IOW Combined Court - Crown",2,1913,30,"2023-03-30",,"2023-05-19T11:18:29Z","2024-05-29T00:03:04Z"
2071,"Manchester",5,1045,34,"2023-03-30",,"2023-05-19T11:18:29Z","2024-05-29T00:03:04Z"
2072,"Clwyd",6,,84,"2023-03-29","2023-03-29","2023-05-19T11:18:29Z","2024-05-29T00:03:04Z"
2073,"Manchester",5,1033,34,"2023-03-30",,"2023-05-19T11:18:29Z","2024-05-29T00:03:04Z"
2074,"Midlands",5,1033,34,"2023-03-30",,"2023-05-19T11:18:29Z","2024-05-29T00:03:04Z"
2075,"Newton Abbot Magistrates Court",2,1913,30,"2023-03-30",,"2023-05-19T11:18:29Z","2024-05-29T00:03:04Z"
2076,"Midlands",5,1045,34,"2023-03-30",,"2023-05-19T11:18:29Z","2024-05-29T00:03:04Z"
2077,"Cornwall",6,,84,"2023-03-29","2023-03-29","2023-05-19T11:18:29Z","2024-05-29T00:03:04Z"
2078,"Newport Crown Court",2,1970,30,"2023-03-30",,"2023-05-19T11:18:29Z","2024-05-29T00:03:04Z"
2079,"Newcastle",5,1045,34,"2023-03-30",,"2023-05-19T11:18:29Z","2024-05-29T00:03:04Z"
2080,"Newcastle",5,1033,34,"2023-03-30",,"2023-05-19T11:18:29Z","2024-05-29T00:03:04Z"
2081,"Coventry",6,,84,"2023-03-29","2023-03-29","2023-05-19T11:18:29Z","2024-05-29T00:03:04Z"
2082,"North Yorkshire",5,1033,34,"2023-03-30",,"2023-05-19T11:18:29Z","2024-05-29T00:03:04Z"
2083,"Coventry and Warwickshire",6,,84,"2023-03-29","2023-03-29","2023-05-19T11:18:29Z","2024-05-29T00:03:04Z"
2084,"North Yorkshire",5,1045,34,"2023-03-30",,"2023-05-19T11:18:29Z","2024-05-29T00:03:04Z"
2085,"Rent Assessment Panel - Wales",4,1675,34,"2023-03-30",,"2023-05-19T11:18:29Z","2024-05-29T00:03:04Z"
2086,"Northumberland",5,1045,34,"2023-03-30",,"2023-05-19T11:18:29Z","2024-05-29T00:03:04Z"
2087,"Northumberland",5,1033,34,"2023-03-30",,"2023-05-19T11:18:29Z","2024-05-29T00:03:04Z"
2088,"Cumbria",6,,84,"2023-03-29","2023-03-29","2023-05-19T11:18:29Z","2024-05-29T00:03:04Z"
2089,"Derbyshire",6,,84,"2023-03-29","2023-03-29","2023-05-19T11:18:29Z","2024-05-29T00:03:04Z"
2090,"Nottingham",5,1033,34,"2023-03-30",,"2023-05-19T11:18:29Z","2024-05-29T00:03:04Z"
2091,"Nottingham",5,1045,34,"2023-03-30",,"2023-05-19T11:18:29Z","2024-05-29T00:03:04Z"
2092,"Oxfordshire",5,1045,34,"2023-03-30",,"2023-05-19T11:18:29Z","2024-05-29T00:03:04Z"
2093,"Oxfordshire",5,1033,34,"2023-03-30",,"2023-05-19T11:18:29Z","2024-05-29T00:03:04Z"
2094,"Devon",6,,84,"2023-03-29","2023-03-29","2023-05-19T11:18:29Z","2024-05-29T00:03:04Z"
2095,"Ross-shire",5,1033,34,"2023-03-30",,"2023-05-19T11:18:29Z","2024-05-29T00:03:04Z"
2096,"Ross-shire",5,1045,34,"2023-03-30",,"2023-05-19T11:18:29Z","2024-05-29T00:03:04Z"
2097,"Devon & Cornwall",6,,84,"2023-03-29","2023-03-29","2023-05-19T11:18:29Z","2024-05-29T00:03:04Z"
2098,"Shropshire",5,1045,34,"2023-03-30",,"2023-05-19T11:18:29Z","2024-05-29T00:03:04Z"
2099,"Shropshire",5,1033,34,"2023-03-30",,"2023-05-19T11:18:29Z","2024-05-29T00:03:04Z"
2100,"Swansea Civil Justice Centre - Family",2,1970,30,"2023-03-30",,"2023-05-19T11:18:29Z","2024-05-29T00:03:04Z"
2101,"Lowestoft County Court",2,1886,30,"2023-03-30","2023-09-11","2023-05-19T11:18:29Z","2024-05-29T00:03:04Z"
2102,"Devon and Cornwall",6,,84,"2023-03-29","2023-03-29","2023-05-19T11:18:29Z","2024-05-29T00:03:04Z"
2103,"Somerset",5,1033,34,"2023-03-30",,"2023-05-19T11:18:29Z","2024-05-29T00:03:04Z"
2104,"Warrington Crown Court",2,1832,30,"2023-03-30",,"2023-05-19T11:18:29Z","2024-05-29T00:03:04Z"
2105,"Dorset",6,,84,"2023-03-29","2023-03-29","2023-05-19T11:18:29Z","2024-05-29T00:03:04Z"
2106,"Somerset",5,1045,34,"2023-03-30",,"2023-05-19T11:18:29Z","2024-05-29T00:03:04Z"
2107,"Lowestoft Family Court",2,1886,30,"2023-03-30","2023-09-11","2023-05-19T11:18:29Z","2024-05-29T00:03:04Z"
2108,"Salisbury Combined Court - Crown",2,1913,30,"2023-03-30",,"2023-05-19T11:18:29Z","2024-05-29T00:03:04Z"
2109,"South Wales",5,1045,34,"2023-03-30",,"2023-05-19T11:18:29Z","2024-05-29T00:03:04Z"
2110,"Newton Aycliffe Family Court",2,1781,30,"2023-03-30",,"2023-05-19T11:18:29Z","2024-05-29T00:03:04Z"
2111,"South Wales",5,1033,34,"2023-03-30",,"2023-05-19T11:18:29Z","2024-05-29T00:03:04Z"
2112,"Durham",6,,84,"2023-03-29","2023-03-29","2023-05-19T11:18:29Z","2024-05-29T00:03:04Z"
2113,"St Ives",5,1045,34,"2023-03-30",,"2023-05-19T11:18:29Z","2024-05-29T00:03:04Z"
2114,"St Ives",5,1033,34,"2023-03-30",,"2023-05-19T11:18:29Z","2024-05-29T00:03:04Z"
2115,"North Shields County Court",2,1781,30,"2023-03-30",,"2023-05-19T11:18:29Z","2024-05-29T00:03:04Z"
2116,"Dyfed Powys",6,,84,"2023-03-29","2023-03-29","2023-05-19T11:18:29Z","2024-05-29T00:03:04Z"
2117,"East Sussex",6,,84,"2023-03-29","2023-03-29","2023-05-19T11:18:29Z","2024-05-29T00:03:04Z"
2118,"Suffolk",5,1033,34,"2023-03-30",,"2023-05-19T11:18:29Z","2024-05-29T00:03:04Z"
2119,"Valuation Tribunal Wales",4,1675,34,"2023-03-30",,"2023-05-19T11:18:29Z","2024-05-29T00:03:04Z"
2120,"Suffolk",5,1045,34,"2023-03-30",,"2023-05-19T11:18:29Z","2024-05-29T00:03:04Z"
2121,"Surrey",5,1045,34,"2023-03-30",,"2023-05-19T11:18:29Z","2024-05-29T00:03:04Z"
2122,"Essex",6,,84,"2023-03-29","2023-03-29","2023-05-19T11:18:29Z","2024-05-29T00:03:04Z"
2123,"Surrey",5,1033,34,"2023-03-30",,"2023-05-19T11:18:29Z","2024-05-29T00:03:04Z"
2124,"Gateshead",6,,84,"2023-03-29","2023-03-29","2023-05-19T11:18:29Z","2024-05-29T00:03:04Z"
2125,"Sussex",5,1033,34,"2023-03-30",,"2023-05-19T11:18:29Z","2024-05-29T00:03:04Z"
2126,"Sussex",5,1045,34,"2023-03-30",,"2023-05-19T11:18:29Z","2024-05-29T00:03:04Z"
2127,"West Sussex",5,1045,34,"2023-03-30",,"2023-05-19T11:18:29Z","2024-05-29T00:03:05Z"
2128,"Gloucestershire",6,,84,"2023-03-29","2023-03-29","2023-05-19T11:18:29Z","2024-05-29T00:03:05Z"
2129,"West Sussex",5,1033,34,"2023-03-30",,"2023-05-19T11:18:29Z","2024-05-29T00:03:05Z"
2130,"West Yorkshire",5,1033,34,"2023-03-30",,"2023-05-19T11:18:29Z","2024-05-29T00:03:05Z"
2131,"Greater London North West",6,,84,"2023-03-29","2023-03-29","2023-05-19T11:18:29Z","2024-05-29T00:03:05Z"
2132,"West Yorkshire",5,1045,34,"2023-03-30",,"2023-05-19T11:18:29Z","2024-05-29T00:03:05Z"
2133,"Worcester",5,1033,34,"2023-03-30",,"2023-05-19T11:18:29Z","2024-05-29T00:03:05Z"
2134,"Greater London South East",6,,84,"2023-03-29","2023-03-29","2023-05-19T11:18:29Z","2024-05-29T00:03:05Z"
2135,"Worcester",5,1045,34,"2023-03-30",,"2023-05-19T11:18:29Z","2024-05-29T00:03:05Z"
2136,"South Shields County Court",2,1781,30,"2023-03-30",,"2023-05-19T11:18:29Z","2024-05-29T00:03:05Z"
2137,"York",5,1045,34,"2023-03-30",,"2023-05-19T11:18:29Z","2024-05-29T00:03:05Z"
2138,"Greater Manchester",6,,84,"2023-03-29","2023-03-29","2023-05-19T11:18:29Z","2024-05-29T00:03:05Z"
2139,"York",5,1033,34,"2023-03-30",,"2023-05-19T11:18:29Z","2024-05-29T00:03:05Z"
2140,"Gwent",6,,84,"2023-03-29","2023-03-29","2023-05-19T11:18:29Z","2024-05-29T00:03:05Z"
2141,"Gwynedd",6,,84,"2023-03-29","2023-03-29","2023-05-19T11:18:29Z","2024-05-29T00:03:05Z"
2142,"Hampshire",6,,84,"2023-03-29","2023-03-29","2023-05-19T11:18:29Z","2024-05-29T00:03:05Z"
2143,"Hampshire and Isle of Wight",6,,84,"2023-03-29","2023-03-29","2023-05-19T11:18:29Z","2024-05-29T00:03:05Z"
2145,"Hertfordshire",6,,84,"2023-03-29","2023-03-29","2023-05-19T11:18:29Z","2024-05-29T00:03:05Z"
2146,"Humber",6,,84,"2023-03-29","2023-03-29","2023-05-19T11:18:29Z","2024-05-29T00:03:05Z"
2147,"Weymouth and Dorchester Combined Court - County",2,1913,30,"2023-03-30",,"2023-05-19T11:18:29Z","2024-05-29T00:03:05Z"
2148,"Humberside",6,,84,"2023-03-29","2023-03-29","2023-05-19T11:18:29Z","2024-05-29T00:03:05Z"
2149,"Weymouth and Dorchester Combined Court - Family",2,1913,30,"2023-03-30",,"2023-05-19T11:18:29Z","2024-05-29T00:03:05Z"
2150,"Isle of Wight",6,,84,"2023-03-29","2023-03-29","2023-05-19T11:18:29Z","2024-05-29T00:03:05Z"
2151,"Kent",6,,84,"2023-03-29","2023-03-29","2023-05-19T11:18:29Z","2024-05-29T00:03:05Z"
2152,"Kingston Upon Hull",6,,84,"2023-03-29","2023-03-29","2023-05-19T11:18:29Z","2024-05-29T00:03:05Z"
2153,"Knowsley",6,,84,"2023-03-29","2023-03-29","2023-05-19T11:18:29Z","2024-05-29T00:03:05Z"
2154,"Lancashire",6,,84,"2023-03-29","2023-03-29","2023-05-19T11:18:29Z","2024-05-29T00:03:05Z"
2155,"Leeds District",6,,84,"2023-03-29","2023-03-29","2023-05-19T11:18:29Z","2024-05-29T00:03:05Z"
2156,"Leicester",6,,84,"2023-03-29","2023-03-29","2023-05-19T11:18:29Z","2024-05-29T00:03:05Z"
2157,"Leicestershire",6,,84,"2023-03-29","2023-03-29","2023-05-19T11:18:29Z","2024-05-29T00:03:05Z"
2158,"Leicestershire and Rutland",6,,84,"2023-03-29","2023-03-29","2023-05-19T11:18:29Z","2024-05-29T00:03:05Z"
2159,"Lincolnshire",6,,84,"2023-03-29","2023-03-29","2023-05-19T11:18:29Z","2024-05-29T00:03:05Z"
2160,"London West",6,,84,"2023-03-29","2023-03-29","2023-05-19T11:18:29Z","2024-05-29T00:03:05Z"
2161,"Merseyside",6,,84,"2023-03-29","2023-03-29","2023-05-19T11:18:29Z","2024-05-29T00:03:05Z"
2162,"Mid and South Glamorgan",6,,84,"2023-03-29","2023-03-29","2023-05-19T11:18:29Z","2024-05-29T00:03:05Z"
2163,"Newcastle Upon Tyne",6,,84,"2023-03-29","2023-03-29","2023-05-19T11:18:29Z","2024-05-29T00:03:05Z"
2164,"Norfolk",6,,84,"2023-03-29","2023-03-29","2023-05-19T11:18:29Z","2024-05-29T00:03:05Z"
2165,"North and East London",6,,84,"2023-03-29","2023-03-29","2023-05-19T11:18:29Z","2024-05-29T00:03:05Z"
2166,"North and West Yorkshire",6,,84,"2023-03-29","2023-03-29","2023-05-19T11:18:29Z","2024-05-29T00:03:05Z"
2167,"North and West Yorkshire Committee",6,,84,"2023-03-29","2023-03-29","2023-05-19T11:18:29Z","2024-05-29T00:03:05Z"
2168,"North Powys",6,,84,"2023-03-29","2023-03-29","2023-05-19T11:18:29Z","2024-05-29T00:03:05Z"
2169,"North Sefton",6,,84,"2023-03-29","2023-03-29","2023-05-19T11:18:29Z","2024-05-29T00:03:05Z"
2170,"North Tyneside",6,,84,"2023-03-29","2023-03-29","2023-05-19T11:18:29Z","2024-05-29T00:03:05Z"
2171,"North Wales",6,,84,"2023-03-29","2023-03-29","2023-05-19T11:18:29Z","2024-05-29T00:03:05Z"
2172,"North Yorkshire",6,,84,"2023-03-29","2023-03-29","2023-05-19T11:18:29Z","2024-05-29T00:03:05Z"
2173,"Northamptonshire",6,,84,"2023-03-29","2023-03-29","2023-05-19T11:18:29Z","2024-05-29T00:03:05Z"
2174,"Northumbria",6,,84,"2023-03-29","2023-03-29","2023-05-19T11:18:29Z","2024-05-29T00:03:05Z"
2175,"Nottingham",6,,84,"2023-03-29","2023-03-29","2023-05-19T11:18:29Z","2024-05-29T00:03:05Z"
2176,"Nottinghamshire",6,,84,"2023-03-29","2023-03-29","2023-05-19T11:18:29Z","2024-05-29T00:03:05Z"
2177,"Old Berkshire",6,,84,"2023-03-29","2023-03-29","2023-05-19T11:18:29Z","2024-05-29T00:03:05Z"
2178,"Oxfordshire",6,,84,"2023-03-29","2023-03-29","2023-05-19T11:18:29Z","2024-05-29T00:03:05Z"
2179,"Pembroke",6,,84,"2023-03-29","2023-03-29","2023-05-19T11:18:29Z","2024-05-29T00:03:05Z"
2180,"Plymouth",6,,84,"2023-03-29","2023-03-29","2023-05-19T11:18:29Z","2024-05-29T00:03:05Z"
2181,"Pontefract",6,,84,"2023-03-29","2023-03-29","2023-05-19T11:18:29Z","2024-05-29T00:03:05Z"
2182,"Powys",6,,84,"2023-03-29","2023-03-29","2023-05-19T11:18:29Z","2024-05-29T00:03:05Z"
2183,"Rotherham",6,,84,"2023-03-29","2023-03-29","2023-05-19T11:18:29Z","2024-05-29T00:03:05Z"
2184,"Salford",6,,84,"2023-03-29","2023-03-29","2023-05-19T11:18:29Z","2024-05-29T00:03:05Z"
2185,"Sandwell",6,,84,"2023-03-29","2023-03-29","2023-05-19T11:18:29Z","2024-05-29T00:03:05Z"
2186,"Sheffield",6,,84,"2023-03-29","2023-03-29","2023-05-19T11:18:29Z","2024-05-29T00:03:05Z"
2187,"Shropshire",6,,84,"2023-03-29","2023-03-29","2023-05-19T11:18:29Z","2024-05-29T00:03:05Z"
2188,"Solihull",6,,84,"2023-03-29","2023-03-29","2023-05-19T11:18:29Z","2024-05-29T00:03:05Z"
2189,"Somerset",6,,84,"2023-03-29","2023-03-29","2023-05-19T11:18:29Z","2024-05-29T00:03:05Z"
2190,"South Cleveland",6,,84,"2023-03-29","2023-03-29","2023-05-19T11:18:29Z","2024-05-29T00:03:05Z"
2191,"South Glamorgan",6,,84,"2023-03-29","2023-03-29","2023-05-19T11:18:29Z","2024-05-29T00:03:05Z"
2192,"South Powys",6,,84,"2023-03-29","2023-03-29","2023-05-19T11:18:29Z","2024-05-29T00:03:05Z"
2193,"South Tyneside",6,,84,"2023-03-29","2023-03-29","2023-05-19T11:18:29Z","2024-05-29T00:03:05Z"
2194,"South Wales",6,,84,"2023-03-29","2023-03-29","2023-05-19T11:18:29Z","2024-05-29T00:03:05Z"
2195,"South West London",6,,84,"2023-03-29","2023-03-29","2023-05-19T11:18:29Z","2024-05-29T00:03:05Z"
2196,"South Yorkshire",6,,84,"2023-03-29","2023-03-29","2023-05-19T11:18:29Z","2024-05-29T00:03:05Z"
2197,"St. Helens",6,,84,"2023-03-29","2023-03-29","2023-05-19T11:18:29Z","2024-05-29T00:03:05Z"
2198,"Staffordshire",6,,84,"2023-03-29","2023-03-29","2023-05-19T11:18:29Z","2024-05-29T00:03:05Z"
2199,"Stockport",6,,84,"2023-03-29","2023-03-29","2023-05-19T11:18:29Z","2024-05-29T00:03:05Z"
2200,"Suffolk",6,,84,"2023-03-29","2023-03-29","2023-05-19T11:18:29Z","2024-05-29T00:03:05Z"
2201,"Sunderland",6,,84,"2023-03-29","2023-03-29","2023-05-19T11:18:29Z","2024-05-29T00:03:05Z"
2202,"Surrey",6,,84,"2023-03-29","2023-03-29","2023-05-19T11:18:29Z","2024-05-29T00:03:05Z"
2203,"Sussex",6,,84,"2023-03-29","2023-03-29","2023-05-19T11:18:29Z","2024-05-29T00:03:05Z"
2204,"Sutton Coldfield",6,,84,"2023-03-29","2023-03-29","2023-05-19T11:18:29Z","2024-05-29T00:03:05Z"
2205,"Tameside",6,,84,"2023-03-29","2023-03-29","2023-05-19T11:18:29Z","2024-05-29T00:03:05Z"
2206,"Thames Valley",6,,84,"2023-03-29","2023-03-29","2023-05-19T11:18:30Z","2024-05-29T00:03:05Z"
2207,"Trafford",6,,84,"2023-03-29","2023-03-29","2023-05-19T11:18:30Z","2024-05-29T00:03:05Z"
2208,"Walsall",6,,84,"2023-03-29","2023-03-29","2023-05-19T11:18:30Z","2024-05-29T00:03:05Z"
2209,"Warwickshire",6,,84,"2023-03-29","2023-03-29","2023-05-19T11:18:30Z","2024-05-29T00:03:05Z"
2210,"West Bromwich",6,,84,"2023-03-29","2023-03-29","2023-05-19T11:18:30Z","2024-05-29T00:03:05Z"
2211,"West Glamorgan",6,,84,"2023-03-29","2023-03-29","2023-05-19T11:18:30Z","2024-05-29T00:03:05Z"
2212,"West Mercia",6,,84,"2023-03-29","2023-03-29","2023-05-19T11:18:30Z","2024-05-29T00:03:05Z"
2213,"West Yorkshire",6,,84,"2023-03-29","2023-03-29","2023-05-19T11:18:30Z","2024-05-29T00:03:05Z"
2214,"Wiltshire",6,,84,"2023-03-29","2023-03-29","2023-05-19T11:18:30Z","2024-05-29T00:03:05Z"
2215,"Wolverhampton",6,,84,"2023-03-29","2023-03-29","2023-05-19T11:18:30Z","2024-05-29T00:03:05Z"
2216,"Unknown",6,,84,"2023-03-29","2023-03-29","2023-05-19T11:18:30Z","2024-05-29T00:03:05Z"
2218,"Manchester Civil Justice Centre",2,1832,30,"2023-04-25",,"2023-05-19T11:18:30Z","2024-05-29T00:03:05Z"
2219,"Unassigned",5,1032,34,"2023-05-17","2023-05-17","2023-05-19T11:18:30Z","2025-11-05T01:00:22Z"
2220,"Unassigned",5,1030,34,"2023-05-17","2023-05-17","2023-05-19T11:18:30Z","2025-11-05T01:00:22Z"
2221,"Unassigned",5,1031,34,"2023-05-17","2023-05-17","2023-05-19T11:18:30Z","2025-11-05T01:00:22Z"
2222,"Unassigned",5,1033,34,"2023-05-17","2023-05-17","2023-05-19T11:18:30Z","2025-07-09T00:00:18Z"
2223,"Unassigned",5,1045,34,"2023-05-17","2023-05-17","2023-05-19T11:18:30Z","2024-05-29T00:03:05Z"
2224,"Unassigned",5,1036,34,"2023-05-17","2023-05-17","2023-05-19T11:18:30Z","2025-11-05T01:00:22Z"
2225,"West Sussex, Brighton and Hove",16,2024,86,"2023-04-01",,"2023-09-09T00:02:08Z","2024-05-29T00:03:05Z"
2258,"Field House FT (London)",5,1043,34,"2023-03-30","2023-11-10","2023-09-09T00:02:08Z","2024-05-29T00:03:05Z"
2259,"Newcastle",5,1030,34,"2023-03-30",,"2023-09-09T00:02:08Z","2024-05-29T00:03:05Z"
2260,"Unknown",3,,34,"2023-08-08","2024-08-12","2023-09-09T00:02:08Z","2024-05-29T00:03:05Z"
2261,"Unknown",4,2260,34,"2023-08-08","2024-08-12","2023-09-09T00:02:08Z","2024-05-29T00:03:05Z"
2262,"Unknown",5,2261,34,"2023-08-08",,"2023-09-09T00:02:08Z","2025-06-18T00:00:10Z"
2293,"Exeter Law Courts",2,1913,30,"2023-09-12",,"2023-09-13T00:02:08Z","2024-05-29T00:03:05Z"
2294,"Maidstone Magistrates Court",2,1886,30,"2023-10-10",,"2023-10-11T00:01:57Z","2024-05-29T00:03:05Z"
2295,"Field House - Upper Tribunal",5,1043,34,"2023-11-15",,"2023-11-17T00:02:03Z","2024-05-29T00:03:05Z"
2328,"Swansea Magistrates' Court",2,1970,30,"2023-12-04",,"2023-12-05T00:02:20Z","2024-05-29T00:03:05Z"
2329,"Greater Lincolnshire",16,1824,86,"2024-04-01",,"2024-04-09T00:02:05Z","2024-05-29T00:03:05Z"
2330,"Northumberland",16,1900,86,"2024-04-01",,"2024-04-09T00:02:05Z","2024-05-29T00:03:05Z"
2331,"The County of Devon, Plymouth and Torbay",16,1822,86,"2024-04-01",,"2024-04-09T00:02:05Z","2024-05-29T00:03:05Z"
2364,"Newcastle and North Tyneside",16,1820,86,"2024-06-24",,"2024-06-25T00:02:54Z","2024-06-25T00:02:54Z"
2397,"York Magistrates Court and Family Court",2,1781,30,"2024-10-29",,"2024-10-30T01:00:47Z","2024-10-30T01:00:47Z"
2398,"Royal Courts of Justice – Office of the Judge Advocate General",2,1482,30,"2024-11-20",,"2024-11-21T01:00:36Z","2024-11-21T01:00:36Z"
2399,"Staffordshire and Stoke-on-Trent",16,1908,86,"2024-12-03",,"2024-12-04T01:00:47Z","2024-12-04T01:00:47Z"
2400,"Essex",16,1796,86,"2025-02-10",,"2025-02-11T01:00:34Z","2025-02-11T01:00:34Z"
2433,"Kent and Medway",16,1925,86,"2025-07-01",,"2025-07-03T00:00:13Z","2025-07-03T00:00:13Z"